Task ID,Created At,Completed At,Last Modified,Name,Section/Column,Assignee,Assignee Email,Start Date,Due Date,Tags,Notes,Projects,Parent task,Blocked By (Dependencies),Blocking (Dependencies),Status,SMS,Payment,Deposit,Bonus,Max bet,WG,Groups,Max win
1208960062974940,2024-12-11,,2024-12-11,Ceasar casino,Untitled section,,,,,,—,Main Project CAD,,,,,,CARD,1000.00,1000.00,,,Ontario LICENSE only,
1208960069015069,2024-12-11,,2024-12-11,Betsafe,Untitled section,,,,,,—,Main Project CAD,,,,,,CARD,1000.00,1000.00,8 or 0.5 per line,40xB,Ontario LICENSE only,
1208960069015084,2024-12-11,,2024-12-11,Fan duel,Untitled section,,,,,,—,Main Project CAD,,,,,,CARD,1000.00,1000.00,,,Ontario LICENSE only,
1208960069145594,2024-12-11,,2024-12-11,Fitzdares,Untitled section,,,,,,—,Main Project CAD,,,,,,CARD,500.00,500.00,,,Ontario LICENSE only,
1208960069145607,2024-12-11,,2024-12-11,Stardust,Untitled section,,,,,,—,Main Project CAD,,,,,,CARD,500.00,500.00,,35xB,Ontario LICENSE only,
1208960069274525,2024-12-11,,2024-12-11,Pokerstars,Untitled section,,,,,,—,Main Project CAD,,,,,,CARD,500.00,500.00,,35xB,Ontario LICENSE only,
1208960069274539,2024-12-11,,2024-12-11,Powerplay,Untitled section,,,,,,—,Main Project CAD,,,,,,CARD,500.00,500.00,,35xB,Ontario LICENSE only,
1208960069274553,2024-12-11,,2024-12-11,Betriver,Untitled section,,,,,,—,Main Project CAD,,,,,,CARD,500.00,500.00,,35xB,Ontario LICENSE only,
1208960069388612,2024-12-11,,2024-12-11,Casumo,Untitled section,,,,,,—,Main Project CAD,,,,,,CARD,500.00,500.00,,35xB,Ontario LICENSE only,
1208960069388626,2024-12-11,,2024-12-11,Casumo 1,Untitled section,,,,,,—,Main Project CAD,,,,,,CARD,500.00,500.00,,35xB,Ontario LICENSE only,
1208960069502454,2024-12-11,,2024-12-11,Northstar,Untitled section,,,,,,—,Main Project CAD,,,,,,CARD,1000.00,1000.00,,30xB,Ontario LICENSE only,
1208960069502468,2024-12-11,,2024-12-11,Titan play,Untitled section,,,,,,—,Main Project CAD,,,,,,CARD,1000.00,1000.00,,30xB,Ontario LICENSE only,
1208960069628680,2024-12-11,,2024-12-11,pointbet,Untitled section,,,,,,—,Main Project CAD,,,,,,CARD,200.00,250.00,,30xB,Ontario LICENSE only,
1208960067909564,2024-12-11,,2024-12-11,Lucky days,Untitled section,,,,,,—,Main Project CAD,,,,,,CARD,500.00,500.00,5,30xDB,Ontario LICENSE only,
1208960150033231,2024-12-11,,2024-12-11,Sport interaction,Untitled section,,,,,,—,Main Project CAD,,,,,,CARD,3000.00,3000.00,,30xB,Ontario LICENSE only,
1208960150033245,2024-12-11,,2024-12-11,Leovegas,Untitled section,,,,,,—,Main Project CAD,,,,,,CARD,3000.00,3000.00,,30xB,Ontario LICENSE only,
1208960155388191,2024-12-11,,2024-12-11,Betano,Untitled section,,,,,,—,Main Project CAD,,,,,,CARD,3000.00,3000.00,,10xb,Ontario LICENSE only,
1208960155388205,2024-12-11,,2024-12-11,bwin,Untitled section,,,,,,—,Main Project CAD,,,,,,CARD,400.00,400.00,,,Ontario LICENSE only,
1208960155435484,2024-12-11,,2024-12-11,Come on,Untitled section,,,,,,—,Main Project CAD,,,,,,CARD,1000.00,1500.00,7.5,,Ontario LICENSE only,
1208960155435498,2024-12-11,,2024-12-11,Spin away,Untitled section,,,,,,—,Main Project CAD,,,,,,CARD,1500.00,1500.00,5,,Ontario LICENSE only,
1208960155435512,2024-12-11,,2024-12-11,Toonie bet,Untitled section,,,,,,—,Main Project CAD,,,,,,CARD,1000.00,1000.00,7.5,,Ontario LICENSE only,
1208960155488249,2024-12-11,,2024-12-11,Neobet,Untitled section,,,,,,—,Main Project CAD,,,,,,CARD,400.00,400.00,7.5,,Ontario LICENSE only,
1208960155488263,2024-12-11,,2024-12-11,Conquestador,Untitled section,,,,,,—,Main Project CAD,,,,,,CARD,1000.00,1000.00,7.5,,Ontario LICENSE only,
1208960155564404,2024-12-11,,2024-12-11,Party casino,Untitled section,,,,,,—,Main Project CAD,,,,,,CARD,1000.00,1500.00,7.5,,Ontario LICENSE only,
1208960155564418,2024-12-11,,2024-12-11,Casino time,Untitled section,,,,,,—,Main Project CAD,,,,,,CARD,1000.00,1500.00,7.5,,Ontario LICENSE only,
1208960155654226,2024-12-11,,2024-12-11,BetMGM,Untitled section,,,,,,—,Main Project CAD,,,,,,CARD,3000.00,3000.00,,,Ontario LICENSE only,
1208960155654239,2024-12-11,,2024-12-11,Ballybet,Untitled section,,,,,,—,Main Project CAD,,,,,,CARD,250.00,240.00,,,Ontario LICENSE only,
1208960155654252,2024-12-11,,2024-12-11,Casino classic,Untitled section,,,,,,—,Main Project CAD,,,,,,CARD,100.00,100.00,,,Ontario LICENSE only,
1208960151370891,2024-12-11,,2024-12-11,Casino tropez,Untitled section,,,,,,—,Main Project CAD,,,,,,,,,,,UNIVERSE,
1208960155360069,2024-12-11,,2024-12-11,House of jack,Untitled section,,,,,,—,Main Project CAD,,,,,,"CARD, CRYPTO",200.00,200.00,20,40xB,Jack affiliate,
1208960155360084,2024-12-11,,2024-12-11,Casino - mate,Untitled section,,,,,,—,Main Project CAD,,,,,,"CARD, CRYPTO",200.00,200.00,20,40xB,Jack affiliate,5000
1208960155429482,2024-12-11,,2024-12-11,Casino - mate 2,Untitled section,,,,,,—,Main Project CAD,,,,,,"CARD, CRYPTO",600.00,300.00,20,40xB,Jack affiliate,5000
1208960155429498,2024-12-11,,2024-12-11,Casino - mate 3,Untitled section,,,,,,—,Main Project CAD,,,,,,"CARD, CRYPTO",800.00,300.00,20,40xB,Jack affiliate,5000
1208960155479703,2024-12-11,,2024-12-11,Casino - mate 4,Untitled section,,,,,,—,Main Project CAD,,,,,,"CARD, CRYPTO",1000.00,500.00,20,40xB,Jack affiliate,5000
1208960155479719,2024-12-11,,2024-12-11,Betano,Untitled section,,,,,,—,Main Project CAD,,,,,,,,,,,,
1208960155479726,2024-12-11,,2024-12-11,Lezgo,Untitled section,,,,,,—,Main Project CAD,,,,,,"CARD, CRYPTO, Mifinity",400.00,600.00,5,40xDB,Galaktika,
1208960155548489,2024-12-11,,2024-12-11,Jet casino,Untitled section,,,,,,—,Main Project CAD,,,,,,"CARD, CRYPTO, Mifinity",400.00,600.00,5,40xDB,Galaktika,
1208960155548504,2024-12-11,,2024-12-11,Izzi casino,Untitled section,,,,,,—,Main Project CAD,,,,,,"CARD, CRYPTO, Mifinity",400.00,600.00,5,40xDB,Galaktika,
1208960155647291,2024-12-11,,2024-12-11,Starda,Untitled section,,,,,,—,Main Project CAD,,,,,,"CARD, CRYPTO, Mifinity",400.00,600.00,5,40xDB,Galaktika,
1208960155647306,2024-12-11,,2024-12-11,Drip casino,Untitled section,,,,,,—,Main Project CAD,,,,,,"CARD, CRYPTO, Mifinity",400.00,600.00,5,40xDB,Galaktika,
1208960155705186,2024-12-11,,2024-12-11,1gocasino,Untitled section,,,,,,—,Main Project CAD,,,,,,"CARD, CRYPTO, Mifinity",400.00,600.00,5,40xDB,Galaktika,
1208960155705201,2024-12-11,,2024-12-11,Monro casino,Untitled section,,,,,,—,Main Project CAD,,,,,,"CARD, CRYPTO, Mifinity",400.00,600.00,5,40xDB,Galaktika,
1208960150661185,2024-12-11,,2024-12-11,Lezgo 2,Untitled section,,,,,,—,Main Project CAD,,,,,,"CARD, CRYPTO, Mifinity",25.00,0.00,5,40xDB,Galaktika,
1208960155363271,2024-12-11,,2024-12-11,Lezgo 3,Untitled section,,,,,,—,Main Project CAD,,,,,,"CARD, CRYPTO, Mifinity",300.00,200.00,5,40xDB,Galaktika,
1208960155363286,2024-12-11,,2024-12-11,arcanebet,Untitled section,,,,,,—,Main Project CAD,,,,,,,,,,,,
1208960155363293,2024-12-11,,2024-12-11,,Untitled section,,,,,,—,Main Project CAD,,,,,,,,,,,Mountberg BV,
1208960155424993,2024-12-11,,2024-12-11,Betway,Untitled section,,,,,,—,Main Project CAD,,,,Not started,,,250.00,250.00,7.5,50xB,Betway LTD,
1208960155425008,2024-12-11,,2024-12-11,Betway2,Untitled section,,,,,,—,Main Project CAD,,,,,,,250.00,250.00,7.5,50xB,Betway LTD,
1208960155464827,2024-12-11,,2024-12-11,Betway3,Untitled section,,,,,,—,Main Project CAD,,,,,,,250.00,250.00,7.5,50xB,Betway LTD,
1208960155464841,2024-12-11,,2024-12-11,Bulletz 2,Untitled section,,,,,,—,Main Project CAD,,,,Testing,,,,,,,Hitz Gaming,
1208960155464850,2024-12-11,,2024-12-11,,Untitled section,,,,,,—,Main Project CAD,,,,,,,,,,,MIL,
1208960155511550,2024-12-11,,2024-12-11,Stelario 3,Untitled section,,,,,,—,Main Project CAD,,,,Not started,,,300.00,300.00,5,40xB,Altcore,
1208960155511565,2024-12-11,,2024-12-11,Stelario 2,Untitled section,,,,,,—,Main Project CAD,,,,Not started,,,200.00,100.00,5,40xB,Altcore,
1208960155600758,2024-12-11,,2024-12-11,Stelario 1,Untitled section,,,,,,—,Main Project CAD,,,,Not started,,,300.00,300.00,5,40xB,Altcore,
1208960155600773,2024-12-11,,2024-12-11,Windetta Bonus Shark 3,Untitled section,,,,,,—,Main Project CAD,,,,Not started,,,300.00,240.00,5,40xB,Altcore,
1208960155600788,2024-12-11,,2024-12-11,Windetta Bonus Shark 2,Untitled section,,,,,,—,Main Project CAD,,,,Not started,,,200.00,100.00,5,40xB,Altcore,
1208960149616897,2024-12-11,,2024-12-11,Windetta Bonus Shark 1,Untitled section,,,,,,—,Main Project CAD,,,,Not started,,,300.00,300.00,5,40xB,Altcore,
1208960149616912,2024-12-11,,2024-12-11,Winstoria 1,Untitled section,,,,,,—,Main Project CAD,,,,Not started,,,300.00,300.00,5,45xB,Altcore,
1208960155380706,2024-12-11,,2024-12-11,Winstoria 2,Untitled section,,,,,,—,Main Project CAD,,,,Not started,,,200.00,100.00,5,45xB,Altcore,
1208960155380721,2024-12-11,,2024-12-11,Winstoria 3,Untitled section,,,,,,—,Main Project CAD,,,,Not started,,,300.00,225.00,5,45xB,Altcore,
1208960155429789,2024-12-11,,2024-12-11,ICEbet 2,Untitled section,,,,,,—,Main Project CAD,,,,Not started,,,200.00,,5,45xB,Altcore,
1208960155429802,2024-12-11,,2024-12-11,ICEbet 3,Untitled section,,,,,,—,Main Project CAD,,,,Not started,,,240.00,,5,45xB,Altcore,
1208960155478163,2024-12-11,,2024-12-11,ICEbet 1,Untitled section,,,,,,—,Main Project CAD,,,,Not started,,,240.00,,5,45xB,Altcore,
1208960155478176,2024-12-11,,2024-12-11,SmokeAce 2,Untitled section,,,,,,—,Main Project CAD,,,,Not started,,,200.00,100.00,5,45xB,Altcore,
1208960155526716,2024-12-11,,2024-12-11,SmokeAce 3,Untitled section,,,,,,—,Main Project CAD,,,,Not started,,,200.00,150.00,5,45xB,Altcore,
1208960155526731,2024-12-11,,2024-12-11,SmokeAce 1,Untitled section,,,,,,—,Main Project CAD,,,,Not started,,,300.00,300.00,5,45xB,Altcore,
1208960155526746,2024-12-11,,2024-12-11,Win legends3,Untitled section,,,,,,—,Main Project CAD,,,,Not started,,,200.00,150.00,5,40xB,Altcore,
1208960155608687,2024-12-11,,2024-12-11,Win legends2,Untitled section,,,,,,—,Main Project CAD,,,,Not started,,,200.00,100.00,5,40xB,Altcore,
1208960155608702,2024-12-11,,2024-12-11,Win legends1,Untitled section,,,,,,—,Main Project CAD,,,,Not started,,,300.00,300.00,5,40xB,Altcore,
1208960155674026,2024-12-11,,2024-12-11,Win legends weekend bonus,Untitled section,,,,,,—,Main Project CAD,,,,Not started,,,200.00,120.00,5,45xB,Altcore,
1208960115999603,2024-12-11,,2024-12-11,Win Legends Wednesday,Untitled section,,,,,,—,Main Project CAD,,,,Not started,,,200.00,100.00,5,45xB,Altcore,
1208960124525566,2024-12-11,,2024-12-11,Zoome 4 HIGHROLL,Untitled section,,,,,,—,Main Project CAD,,,,Testing,,"CRYPTO, Mifinity",300.00,300.00,5,40xB,DAMA NV,10000
1208960124525583,2024-12-11,,2024-12-11,Zoome 3,Untitled section,,,,,,—,Main Project CAD,,,,Testing,,"CRYPTO, Mifinity",300.00,300.00,5,40xB,DAMA NV,10000
1208960124606627,2024-12-11,,2024-12-11,Zoome 2,Untitled section,,,,,,—,Main Project CAD,,,,Testing,,"CRYPTO, Mifinity",100.00,50.00,5,40xB,DAMA NV,10000
1208960124672082,2024-12-11,,2024-12-11,Zoome 1,Untitled section,,,,,,—,Main Project CAD,,,,Testing,,"CRYPTO, Mifinity",300.00,300.00,5,40xB,DAMA NV,10000
1208960124672099,2024-12-11,,2024-12-11,Wolfy casino,Untitled section,,,,,,—,Main Project CAD,,,,Testing,,,,,,,Versus Odds,
1208960124672108,2024-12-11,,2024-12-11,Merlin casino,Untitled section,,,,,,—,Main Project CAD,,,,Testing,,,,,,,Versus Odds,
1208960124750584,2024-12-11,,2024-12-11,Caxino,Untitled section,,,,,,—,Main Project CAD,,,,Testing,,,200.00,200.00,5 / 0.5,35xB,Rootz,
1208960124750599,2024-12-11,,2024-12-11,Wildz,Untitled section,,,,,,—,Main Project CAD,,,,Testing,,,500.00,500.00,5 / 0.5,35xB,Rootz,
1208960124814308,2024-12-11,,2024-12-11,Spinz,Untitled section,,,,,,"—
No restriction with real money. max bet 5 euro, 0.5 per line
    All Casino Slots: 100%, (except 1429 Uncharted Seas, Bloodsuckers, Beautiful Bones Dead or Alive, Dead or Alive 2, Eggomatic, Eye of the Kraken, Gemix, Jack Hammer 2, Pearls of India, Scrooge, Secrets of Atlantis, Sea Hunter, Steam Tower, Tower Quest, Viking Runecraft, Lil Devil, The Wish Master, Kingmaker, Beautiful Bones, Wild Swarm, Blazing Bull, Hellcatraz, Street Fighter II, Royal Mint, Marching Legions, Extreme 7, Book of 99: 0%)
    All table and Live Casino games: 50%
    All Video Poker Games: 0%
    Some games cannot be played with Bonus Money, and you will receive an error message when trying to place bets or open a game excluded from bonus play.",Main Project CAD,,,,Testing,,,300.00,300.00,5 / 0.5,35xB,Rootz,
1208960124814323,2024-12-11,,2024-12-11,Wheelz,Untitled section,,,,,,"—
No restriction with real money. max bet 5 euro, 0.5 per line
    All Casino Slots: 100%, (except 1429 Uncharted Seas, Bloodsuckers, Beautiful Bones Dead or Alive, Dead or Alive 2, Eggomatic, Eye of the Kraken, Gemix, Jack Hammer 2, Pearls of India, Scrooge, Secrets of Atlantis, Sea Hunter, Steam Tower, Tower Quest, Viking Runecraft, Lil Devil, The Wish Master, Kingmaker, Beautiful Bones, Wild Swarm, Blazing Bull, Hellcatraz, Street Fighter II, Royal Mint, Marching Legions, Extreme 7, Book of 99: 0%)
    All table and Live Casino games: 50%
    All Video Poker Games: 0%
    Some games cannot be played with Bonus Money, and you will receive an error message when trying to place bets or open a game excluded from bonus play.",Main Project CAD,,,,Testing,,,300.00,300.00,5 / 0.5,35xB,Rootz,
1208960124814338,2024-12-11,,2024-12-11,Comeon (comeon group),Untitled section,,,,,,—,Main Project CAD,,,,,,,,,,,,
1208960124877179,2024-12-11,,2024-12-11,Mobilebet (comeon group),Untitled section,,,,,,—,Main Project CAD,,,,,,,,,,,,
1208960124877186,2024-12-11,,2024-12-11,mobilespins (comeon group),Untitled section,,,,,,—,Main Project CAD,,,,,,,,,,,,
1208960153946070,2024-12-11,,2024-12-11,dingcasino (comeon group),Untitled section,,,,,,—,Main Project CAD,,,,,,,,,,,,
1208960153946077,2024-12-11,,2024-12-11,Folkerriket (comeon group),Untitled section,,,,,,—,Main Project CAD,,,,,,,,,,,,
1208960155380662,2024-12-11,,2024-12-11,Betsson,Untitled section,,,,,,—,Main Project CAD,,,,Testing,,,100.00,100.00,6 / 0.5,35xB,BML,
1208960155380677,2024-12-11,,2024-12-11,Rizk,Untitled section,,,,,,"—Once the welcome bonus is activated, your funds will be used in the following order:
1/ All funds required to trigger the bonus
2/ Bonus funds
3/ Any remaining funds
You can always opt out of the bonus amount and associated winnings, and withdraw the remaining balance.

50 NOK
banned slots> https://rizk.com/no/casino/eksklusivt/ekskluderte-spill/17932",Main Project CAD,,,,Testing,,,500.00,500.00,5,35xB,BML,
1208960155380692,2024-12-11,,2024-12-11,Nordicbet,Untitled section,,,,,,—,Main Project CAD,,,,Testing,,,100.00,100.00,6 / 0.5,35xB,BML,
1208960155434139,2024-12-11,,2024-12-11,Friday casino,Untitled section,,,,,,—,Main Project CAD,,,,,,,,,,,,
1208960155434146,2024-12-11,,2024-12-11,Buumi casino,Untitled section,,,,,,—,Main Project CAD,,,,Testing,,Mifinity,300.00,300.00,5,,Njord Ventures BV,
1208960155514668,2024-12-11,,2024-12-11,Joker.io casino,Untitled section,,,,,,—,Main Project CAD,,,,NO Bonus!,,Mifinity,0.00,0.00,5,,Njord Ventures BV,
1208960155514683,2024-12-11,,2024-12-11,Koi casino,Untitled section,,,,,,—,Main Project CAD,,,,NO Bonus!,,Mifinity,0.00,0.00,5,,Njord Ventures BV,
1208960155614230,2024-12-11,,2024-12-11,casno jefe  ESPORTS ENTERTAINMENT  check for dep method,Untitled section,,,,,,—,Main Project CAD,,,,,,Mifinity,,,,50xB,,
1208960155614239,2024-12-11,,2024-12-11,llucky dino  ESPORTS ENTERTAINMENT (MALTA) LIMITED,Untitled section,,,,,,—,Main Project CAD,,,,,,,,,,,,
1208960155614246,2024-12-11,,2024-12-11,justwow  ESPORTS ENTERTAINMENT (MALTA) LIMITED,Untitled section,,,,,,—,Main Project CAD,,,,,,,,,,,,
1208960155614253,2024-12-11,,2024-12-11,Vie.bet  ESPORTS ENTERTAINMENT (MALTA) LIMITED,Untitled section,,,,,,—,Main Project CAD,,,,,,,,,,,,
1208960155696420,2024-12-11,,2024-12-11,Freshspins  ESPORTS ENTERTAINMENT (MALTA) LIMITED,Untitled section,,,,,,—,Main Project CAD,,,,,,,,,,,,
1208960152515788,2024-12-11,,2024-12-11,https://olaspill.com/en/  ESPORTS ENTERTAINMENT (MALTA) LIMITED,Untitled section,,,,,,—,Main Project CAD,,,,,,,,,,,,
1208960152515795,2024-12-11,,2024-12-11,"Lucky 8 WCG B.V.,",Untitled section,,,,,,—,Main Project CAD,,,,Not started,,,250.00,500.00,5 / 0.5,20xDB,WCG B.V.,
1208960155380605,2024-12-11,,2024-12-11,Tortuga   WCG B.V,Untitled section,,,,,,—,Main Project CAD,,,,Not started,,,300.00,400.00,5 / 0.5,40xB,WCG B.V.,
1208960155380620,2024-12-11,,2024-12-11,Jackpot Bob WCG B.V,Untitled section,,,,,,—,Main Project CAD,,,,Testing,,,250.00,500.00,,,WCG B.V.,
1208960155458526,2024-12-11,,2024-12-11,Ibet Standalone,Untitled section,,,,,,—,Main Project CAD,,,,Not started,,Mifinity,100.00,100.00,5,35xD,Claymore Malta,
1208960155458542,2024-12-11,,2024-12-11,Artic casino,Untitled section,,,,,,—,Main Project CAD,,,,Not started,,Mifinity,100.00,100.00,5,35xD,Claymore Malta,
1208960155524397,2024-12-11,,2024-12-11,LSbet,Untitled section,,,,,,—,Main Project CAD,,,,Testing,,,300.00,300.00,less <10,25xDB,Media Entertainment N.V,
1208960155524412,2024-12-11,,2024-12-11,Slottojam,Untitled section,,,,,,—,Main Project CAD,,,,Testing,,,300.00,300.00,less <10,25xDB,Media Entertainment N.V,
1208960155614262,2024-12-11,,2024-12-11,Betmartini,Untitled section,,,,,,—,Main Project CAD,,,,Testing,,,500.00,500.00,10,35xDB,Media Entertainment N.V,
1208960155614277,2024-12-11,,2024-12-11,Reloadbet,Untitled section,,,,,,—,Main Project CAD,,,,Testing,,,300.00,300.00,less <10,25xDB,Media Entertainment N.V,
1208960155697508,2024-12-11,,2024-12-11,Kikobet,Untitled section,,,,,,—,Main Project CAD,,,,Testing,,,100.00,100.00,10,25xDB,Media Entertainment N.V,
1208960155697523,2024-12-11,,2024-12-11,Tornado bet,Untitled section,,,,,,—,Main Project CAD,,,,Testing,,,500.00,500.00,less <10,25xDB,Media Entertainment N.V,
1208960155697538,2024-12-11,,2024-12-11,winou (test),Untitled section,,,,,,—,Main Project CAD,,,,,,,,,,,,
1208960155740955,2024-12-11,,2024-12-11,Dundercasino (test),Untitled section,,,,,,—,Main Project CAD,,,,,,,,,,,,
1208960065208257,2024-12-11,,2024-12-11,LV bet,Untitled section,,,,,,—,Main Project CAD,,,,Not started,,"CARD, Mifinity",200.00,200.00,5,25xDB,Fairload Ltd +Probe Investments,
1208960069026594,2024-12-11,,2024-12-11,Energy casino,Untitled section,,,,,,—,Main Project CAD,,,,Not started,,"CARD, Mifinity",200.00,200.00,5,25xDB,Fairload Ltd +Probe Investments,
1208960069026610,2024-12-11,,2024-12-11,LV bet 2,Untitled section,,,,,,—,Main Project CAD,,,,Not started,,"CARD, Mifinity",200.00,100.00,5,30xDB,Fairload Ltd +Probe Investments,
1208960069098262,2024-12-11,,2024-12-11,Energy casino 2,Untitled section,,,,,,—,Main Project CAD,,,,Not started,,"CARD, Mifinity",200.00,100.00,5,25xDB,Fairload Ltd +Probe Investments,
1208960069098278,2024-12-11,,2024-12-11,Madnix ( test),Untitled section,,,,,,—,Main Project CAD,,,,,,,,,,,,
1208960069098285,2024-12-11,,2024-12-11,,Untitled section,,,,,,—,Main Project CAD,,,,,,,,,,,Continental Solutions,
1208960069144009,2024-12-11,,2024-12-11,Wintopia Welcome Bonus Pack 1,Untitled section,,,,,,"Play with real funds, if u lose activate bonus",Main Project CAD,,,,Not started,,,300.00,300.00,5,50xB,Altcore,10xB
1208960069144025,2024-12-11,,2024-12-11,Bulletz,Untitled section,,,,,,—,Main Project CAD,,,,Testing,,,,,,,Hitz Gaming,
1208960069144034,2024-12-11,,2024-12-11,Trickz,Untitled section,,,,,,—,Main Project CAD,,,,Not started,,,200.00,300.00,,30xDB,Hitz Gaming,
1208960069194588,2024-12-11,,2024-12-11,Trickz2,Untitled section,,,,,,—,Main Project CAD,,,,Not started,,,300.00,300.00,,30xDB,Hitz Gaming,
1208960069194602,2024-12-11,,2024-12-11,Blaze casino Reload,Untitled section,,,,,,—,Main Project CAD,,,,Not started,,,500.00,500.00,5,35xB,Prolific Trade,
1208960069255908,2024-12-11,,2024-12-11,Roman casino 3,Untitled section,,,,,,—,Main Project CAD,,,,Not started,,"CARD, SKRILL CARD",150.00,150.00,5,35xDB,DUX,10xB
1208960069255925,2024-12-11,,2024-12-11,Roman casino 2,Untitled section,,,,,,"    Deposit 200, 220,250,270",Main Project CAD,,,,Not started,,"CARD, SKRILL CARD",,,5,35xDB,DUX,10xB
1208960069329298,2024-12-11,,2024-12-11,Roman casino 1,Untitled section,,,,,,"—
·  Deposit and Bonus Selection:
    Ensure the player selects the bonus during the deposit process.
    If the player does not receive the bonus, they must immediately contact customer support and provide a screenshot of the email containing the bonus offer.
·  Highroller Bonus:
    For the Highroller Bonus, the player must enter the bonus code ""50HIGH"" during the deposit.
    The deposit amount must be between €300-€500.
 
·  Real Money vs Bonus Money Play:
    Although real money (RM) and bonus money are tracked separately, they appear together in the player's balance.
    The player must first play using real money on games like:
        Roulette, Baccarat, Blackjack, Lines, Mines, and sometimes slots with higher bets.
    After using real money, the player can switch to playing slots with a maximum bet of €5.
        The specific bet should be adjusted to €2/€3/€4/€5, depending on the target.
·  Max Withdrawal (WD) Limit:
    Be aware that these bonuses come with a maximum withdrawal limit of 10x the bonus amount.
    The player should aim to hit 70% of the target to meet wagering requirements.
    If the player exceeds the allowable winnings, they should immediately notify a supervisor.
·  Bonus Cancellation:
    If the player has less than €0.20 in their bonus balance, they should cancel the bonus.
·  System Alerts for Betting Limits:
    If the player attempts to place a higher bet than allowed with bonus money, the system will alert them to stop.",Main Project CAD,,,,Not started,,"CARD, SKRILL CARD",150.00,150.00,5,35xDB,DUX,10xB
1208960122133834,2024-12-11,,2024-12-11,Evolve casino 1,Untitled section,,,,,,"—Try to hit 10x deposit on lines, mines, coins with bet 2-3.
Deposit 100 to 150.",Main Project CAD,,,,Testing,,CARD,,,5,25xDB,Mountberg BV,
1208960122133846,2024-12-11,,2024-12-11,Evolve casino 2,Untitled section,,,,,,"—Try to hit 10x deposit on lines, mines, coins with bet 2-3.
Deposit 100 to 150.",Main Project CAD,,,,Testing,,CARD,,,5,25xDB,Mountberg BV,
1208960124579487,2024-12-11,,2024-12-11,Evolve casino 3,Untitled section,,,,,,"—Try to hit 10x deposit on lines, mines, coins with bet 2-3.
Deposit 100 to 150.",Main Project CAD,,,,Testing,,CARD,,,5,25xDB,Mountberg BV,
1208960124579499,2024-12-11,,2024-12-11,bitcasino.io,Untitled section,,,,,,—,Main Project CAD,,,,STOP,,"CARD, Mifinity",,,,,Crypto ONLY,
1208960124579509,2024-12-11,,2024-12-11,LazyBar 1,Untitled section,,,,,,"—·  Deposit and Bonus Selection:
    Ensure the player selects the bonus during the deposit process.
    If the player does not receive the bonus, they must immediately contact customer support and provide a screenshot of the email containing the bonus offer.
·  Highroller Bonus:
    For the Highroller Bonus, the player must enter the bonus code ""50HIGH"" during the deposit.
    The deposit amount must be between €300-€500.
 
·  Real Money vs Bonus Money Play:
    Although real money (RM) and bonus money are tracked separately, they appear together in the player's balance.
    The player must first play using real money on games like:
        Roulette, Baccarat, Blackjack, Lines, Mines, and sometimes slots with higher bets.
    After using real money, the player can switch to playing slots with a maximum bet of €5.
        The specific bet should be adjusted to €2/€3/€4/€5, depending on the target.
·  Max Withdrawal (WD) Limit:
    Be aware that these bonuses come with a maximum withdrawal limit of 10x the bonus amount.
    The player should aim to hit 70% of the target to meet wagering requirements.
    If the player exceeds the allowable winnings, they should immediately notify a supervisor.
·  Bonus Cancellation:
    If the player has less than €0.20 in their bonus balance, they should cancel the bonus.
·  System Alerts for Betting Limits:
    If the player attempts to place a higher bet than allowed with bonus money, the system will alert them to stop.",Main Project CAD,,,,Not started,,,150.00,150.00,5,35xDB,DUX,10xB
1208960124642383,2024-12-11,,2024-12-11,LazyBar 3,Untitled section,,,,,,—,Main Project CAD,,,,Not started,,,150.00,150.00,5,35xDB,DUX,10xB
1208960124642399,2024-12-11,,2024-12-11,LazyBar 2,Untitled section,,,,,,—,Main Project CAD,,,,Not started,,,,,5,35xDB,DUX,10xB
1208960124703605,2024-12-11,,2024-12-11,Coolzino 1,Untitled section,,,,,,"·  Deposit and Bonus Selection:
    Ensure the player selects the bonus during the deposit process.
    If the player does not receive the bonus, they must immediately contact customer support and provide a screenshot of the email containing the bonus offer.
·  Highroller Bonus:
    For the Highroller Bonus, the player must enter the bonus code ""50HIGH"" during the deposit.
    The deposit amount must be between €300-€500.
 
·  Real Money vs Bonus Money Play:
    Although real money (RM) and bonus money are tracked separately, they appear together in the player's balance.
    The player must first play using real money on games like:
        Roulette, Baccarat, Blackjack, Lines, Mines, and sometimes slots with higher bets.
    After using real money, the player can switch to playing slots with a maximum bet of €5.
        The specific bet should be adjusted to €2/€3/€4/€5, depending on the target.
·  Max Withdrawal (WD) Limit:
    Be aware that these bonuses come with a maximum withdrawal limit of 10x the bonus amount.
    The player should aim to hit 70% of the target to meet wagering requirements.
    If the player exceeds the allowable winnings, they should immediately notify a supervisor.
·  Bonus Cancellation:
    If the player has less than €0.20 in their bonus balance, they should cancel the bonus.
·  System Alerts for Betting Limits:
    If the player attempts to place a higher bet than allowed with bonus money, the system will alert them to stop.",Main Project CAD,,,,Not started,,,150.00,150.00,5,35xDB,DUX,10xB
1208960124703621,2024-12-11,,2024-12-11,Coolzino 4 Highroller,Untitled section,,,,,,—,Main Project CAD,,,,Not started,,,150.00,150.00,5,35xDB,DUX,10xB
1208960124763073,2024-12-11,,2024-12-11,Coolzino 3,Untitled section,,,,,,—,Main Project CAD,,,,Not started,,,150.00,150.00,5,35xDB,DUX,10xB
1208960124763089,2024-12-11,,2024-12-11,Coolzino 2,Untitled section,,,,,,—,Main Project CAD,,,,Not started,,,,,5,35xDB,DUX,10xB
1208960124867586,2024-12-11,,2024-12-11,Wild Sultan,Untitled section,,,,,,—,Main Project CAD,,,,Testing,,SKRILL CARD,,,,,Next to You B.V,
1208960124867596,2024-12-11,,2024-12-11,Winoui,Untitled section,,,,,,—,Main Project CAD,,,,Testing,,SKRILL CARD,,,,,Next to You B.V,
1208960124867606,2024-12-11,,2024-12-11,madnix.com,Untitled section,,,,,,—,Main Project CAD,,,,Testing,,SKRILL CARD,,,,,Next to You B.V,
1208960068999810,2024-12-11,,2024-12-11,Sakura slots,Untitled section,,,,,,—,Main Project CAD,,,,Testing,,SKRILL CARD,,,,,Next to You B.V,
1208960068999820,2024-12-11,,2024-12-11,Omnislots,Untitled section,,,,,,—,Main Project CAD,,,,STOP,,,,,5,45xB,,
1208960068999830,2024-12-11,,2024-12-11, CRYPTO Stake.com 200% Code rosh,Untitled section,,,,,,—,Main Project CAD,,,,STOP,,CRYPTO,,,,40xB,,
1208960068999840,2024-12-11,,2024-12-11,20bets,Untitled section,,,,,,—,Main Project CAD,,,,Not started,,SKRILL,300.00,300.00,5,30xDB,Santeda Int,
1208960069083252,2024-12-11,,2024-12-11,Velobet,Untitled section,,,,,,—,Main Project CAD,,,,Not started,,"Mifinity, Icard",350.00,500.00,5,30xDB,Santeda Int,15k
1208960069083269,2024-12-11,,2024-12-11,Velobet 1,Untitled section,,,,,,—,Main Project CAD,,,,Not started,,"Mifinity, Icard",300.00,300.00,5,30xDB,Santeda Int,15k
1208960069155883,2024-12-11,,2024-12-11,Velobet 2,Untitled section,,,,,,—,Main Project CAD,,,,Not started,,"Mifinity, Icard",300.00,300.00,5,30xDB,Santeda Int,15k
1208960069233432,2024-12-11,,2024-12-11,CasinoIN,Untitled section,,,,,,Dep 250-400,Main Project CAD,,,,Testing,,SKRILL CARD,,,,35xD,Bm Solutions Limited,10xB
1208960069233444,2024-12-11,,2024-12-11,Betmaster.ie,Untitled section,,,,,,Dep 250-400,Main Project CAD,,,,Testing,,SKRILL CARD,,,,35xD,Bm Solutions Limited,10xB
1208960069233456,2024-12-11,,2024-12-11,Axwin.ie,Untitled section,,,,,,Dep 250-400,Main Project CAD,,,,Testing,,SKRILL CARD,,,,35xD,Bm Solutions Limited,10xB
1208960069318119,2024-12-11,,2024-12-11,Fresh bet 1,Untitled section,,,,,,"·  Bonus Activation:
    The player must activate the bonus in the Bonus section of their wallet before playing.
·  Betting Limit:
    The maximum allowed bet when playing with the bonus is 4.
·  No Play with Real Money Before Bonus Activation:
    The player cannot play with real money before the bonus is activated. Ensure the bonus is active before any gameplay starts.",Main Project CAD,,,,Not started,,"Mifinity, Icard",,,5,30xDB,Santeda Int,
1208960069318131,2024-12-11,,2024-12-11,Fresh bet 2,Untitled section,,,,,,"·  Bonus Activation:
    The player must activate the bonus in the Bonus section of their wallet before playing.
·  Betting Limit:
    The maximum allowed bet when playing with the bonus is 4.
·  No Play with Real Money Before Bonus Activation:
    The player cannot play with real money before the bonus is activated. Ensure the bonus is active before any gameplay starts.",Main Project CAD,,,,Not started,,"Mifinity, Icard",100.00,50.00,5,30xDB,Santeda Int,
1208960069388571,2024-12-11,,2024-12-11,Fresh bet 3,Untitled section,,,,,,"·  Bonus Activation:
    The player must activate the bonus in the Bonus section of their wallet before playing.
·  Betting Limit:
    The maximum allowed bet when playing with the bonus is 4.
·  No Play with Real Money Before Bonus Activation:
    The player cannot play with real money before the bonus is activated. Ensure the bonus is active before any gameplay starts.",Main Project CAD,,,,Not started,,"Mifinity, Icard",,,5,30xDB,Santeda Int,
1208960069388583,2024-12-11,,2024-12-11,7 Sultans 1,Untitled section,,,,,,—,Main Project CAD,,,,Not started,,"CARD, SKRILL",20.00,20.00,8 or 0.5 per line,50xB,Fortune Lounge 1,6xB
1208960121711714,2024-12-11,,2024-12-11,7 Sultans 2,Untitled section,,,,,,—,Main Project CAD,,,,Not started,,"CARD, SKRILL",20.00,20.00,8 or 0.5 per line,50xB,Fortune Lounge 1,6xB
1208960124574189,2024-12-11,,2024-12-11,7 Sultans 3 NO BONUS,Untitled section,,,,,,—,Main Project CAD,,,,Not started,,"CARD, SKRILL",,,<30% bonus,50xB,Fortune Lounge 1,
1208960124574201,2024-12-11,,2024-12-11,Vave.com,Untitled section,,,,,,"Tech solution group
    Deposit and bonus are separated, you can early withdraw
    Target for EW is 7xD
    Max bet is 5 until bonus is canceled",Main Project CAD,,,,Testing,,CRYPTO,,,5,40xB,TECHSOLUTION,
1208960124574213,2024-12-11,,2024-12-11,Casinomega,Untitled section,,,,,,"If money is separated that means EW, if not its sticky
First dep, after purchase bonus
Max win 10xB
Play roulete ( normal, NOT live roulette), target is 8*Deposit on roulete
Hacksaw: lines, coins, mines same target",Main Project CAD,,,,Testing,,SKRILL,200.00,200.00,none,30xB,Continental Solutions,10xD
1208960124646532,2024-12-11,,2024-12-11,Lilibet,Untitled section,,,,,,"The money is separated that means EW.
First dep, after purchase bonus
No max bet on sign up. Reloads are 5 euro need to confirm with chat.
Reloads are Max win 10xB NOT SIGN UP
Support in Norway ( don't use google translate it works shitty)",Main Project CAD,,,,Testing,,"CRYPTO, Mifinity",500.00,5000.00,none,30xB,Continental Solutions,
1208960124711067,2024-12-11,,2024-12-11,Alexander,Untitled section,,,,,,"    Deposit:
        Use Skrill (specifically the Alexandar Casino Skrill card) to make a deposit.
    Play with Real Money (RM):
        Start playing with Real Money balance:
            Slot games: Place higher bets of €10/€15/€20, depending on your deposit amount.
            Table games:
                Roulette: Place bets of €50/€75, depending on your target.
                Baccarat: Go all-in until you reach your target.
    Check Bonus Activation:
        If the bonus is not active after RM play:
            Activate the bonus manually.
    Play with Bonus Money (BM):
        After activating the bonus, switch to playing with Bonus Money balance.
        Play slot games with a maximum bet of €5.",Main Project CAD,,,,Not started,Yes,"CARD, CRYPTO, USDT",100.00,100.00,5,30xDB,MTM,
1208960124711084,2024-12-11,,2024-12-11,Barz,Untitled section,,,,,,"First Deposit with Luxon:
    Ensure the player makes their first deposit using Luxon to claim the first deposit bonus.
·  Reloaded Bonus with Skrill:
    For reloaded bonuses, the player should make deposits using Skrill to activate the bonus.
    max bet <20% bonus
·  Maximum Bet for First Deposit Bonus:
    When using the first deposit bonus, the maximum allowed bet is €5.",Main Project CAD,,,,Not started,,"CARD, Luxon",250.00,500.00,5,40xDB,WHT,
1208960124770166,2024-12-11,,2024-12-11,Blaze Casino,Untitled section,,,,,,"Bonus Confirmation During Registration:
    When a player registers, ensure they confirm the casino bonus during the sign-up process.
·  Bonus Selection During Deposit:
    When making a deposit, the player must select the bonus again to ensure it's applied to their account.
·  Real Money (RM) vs Bonus Money (BM):
    Real money and bonus money are tracked separately, but the player can see both in their balance.
USING real money
        Roulette
        Baccarat
        Slots (with higher bets)
 
·  Using Bonus Money:
    Bonus money can only be played on BLAZE Originals games, such as:
        Coins, Mines, and Tower games
    The maximum bet allowed with bonus money is €5.",Main Project CAD,,,,Not started,,"CARD, SKRILL",200.00,200.00,5,35xB,Prolific Trade,
1208960124770182,2024-12-11,,2024-12-11,Magical Spin,Untitled section,,,,,,'-150% up to 100,Main Project CAD,,,,STOP,,"CARD, SKRILL, WISE",,,7.5,30xDB,Betrust Entertainment B.V.,
1208960124770194,2024-12-11,,2024-12-11,Magical Spin 2,Untitled section,,,,,,'-150% up to 100,Main Project CAD,,,,STOP,,"CARD, SKRILL, WISE",,,7.5,30xDB,Betrust Entertainment B.V.,
1208960124850454,2024-12-11,,2024-12-11,Casino Extra 1,Untitled section,,,,,,"    Deposit:
        Use Skrill (specifically the Alexandar Casino Skrill card) to make a deposit.
    Play with Real Money (RM):
        Start playing with Real Money balance:
            Slot games: Place higher bets of €10/€15/€20, depending on your deposit amount.
            Table games:
                Roulette: Place bets of €50/€75, depending on your target.
                Baccarat: Go all-in until you reach your target.
    Check Bonus Activation:
        If the bonus is not active after RM play:
            Activate the bonus manually.
    Play with Bonus Money (BM):
        After activating the bonus, switch to playing with Bonus Money balance.
        Play slot games with a maximum bet of €5.",Main Project CAD,,,,Not started,,"CARD, CRYPTO, Mifinity, SKRILL, USDT",50.00,50.00,5,30xDB,MTM,
1208960124850470,2024-12-11,,2024-12-11,Casumo,Untitled section,,,,,,"—·  Bonus Selection During Deposit:
    When making a deposit, the player must select the bonus to ensure it's applied to their account.
·  Playing with Bonus:
    After the deposit, the player should play slots with a maximum bet of €5.
·  Bonus Not Received:
    If the player does not receive the bonus after making a deposit, they should immediately contact customer support for assistance.",Main Project CAD,,,,Not started,Yes,SKRILL,300.00,300.00,5 / 0.5,30xDB,MNS,
1208960124913872,2024-12-11,,2024-12-11,Conquestador 1,Untitled section,,,,,,"    Pick the correct bonus
    If there is a maximum withdraw rule, play the bonus with roulette max bonus is 20% x B
    If NO max withdraw, play roulette 25%-40% of the bonus and slots with bet 10-15% of Bonus: Epic Joker, Cowboys gold, book of the fallen, champions of Rome, Viking clash
    Note ( if after the wager the amount is higher than max win amount( 10xB ) ask us for help :)",Main Project CAD,,,,Banned,,SKRILL,200.00,300.00,none,25xDB,MIL,10xB
1208960124913889,2024-12-11,,2024-12-11,Conquestador 2,Untitled section,,,,,,"    Pick the correct bonus
    If there is a maximum withdraw rule, play the bonus with roulette max bonus is 20% x B
    If NO max withdraw, play roulette 25%-40% of the bonus and slots with bet 10-15% of Bonus: Epic Joker, Cowboys gold, book of the fallen, champions of Rome, Viking clash
    Note ( if after the wager the amount is higher than max win amount( 10xB ) ask us for help :)",Main Project CAD,,,,Banned,,SKRILL,300.00,300.00,none,25xDB,MIL,15xB
1208960122938874,2024-12-11,,2024-12-11,Conquestador 3,Untitled section,,,,,,"    Pick the correct bonus
    If there is a maximum withdraw rule, play the bonus with roulette max bonus is 20% x B
    If NO max withdraw, play roulette 25%-40% of the bonus and slots with bet 10-15% of Bonus: Epic Joker, Cowboys gold, book of the fallen, champions of Rome, Viking clash
    Note ( if after the wager the amount is higher than max win amount( 10xB ) ask us for help :)",Main Project CAD,,,,Banned,,SKRILL,400.00,200.00,none,20xDB,MIL,
1208960124563792,2024-12-11,,2024-12-11,Conquestador 4,Untitled section,,,,,,"    Pick the correct bonus
    If there is a maximum withdraw rule, play the bonus with roulette max bonus is 20% x B
    If NO max withdraw, play roulette 25%-40% of the bonus and slots with bet 10-15% of Bonus: Epic Joker, Cowboys gold, book of the fallen, champions of Rome, Viking clash
    Note ( if after the wager the amount is higher than max win amount( 10xB ) ask us for help :)",Main Project CAD,,,,Banned,,SKRILL,400.00,200.00,none,20xDB,MIL,
1208960124563808,2024-12-11,,2024-12-11,Crypto Leo 2,Untitled section,,,,,,"DUX GROUP
    Deposit to get maximum bonus with skrill or crypto
    Pick a slot: Book of cats megaways, wild cash x9990,bigger bass bonanza, book of the fallen, JOKER TROUPE,Iron bank, Razor shark
    No max bet on roullete or high bet on low varieance slot (10 spins min) can withdraw early with own money target should be over 1k, if not MAX BET 5  early target is 5x D+B
    Note if slots or the maximum bet is overriding the software will notify you automatically
    Cancel bonus if you have less than 20 cents before accepting new bonus",Main Project CAD,,,,Not started,,SKRILL,400.00,300.00,5,35xDB,DUX,10xB
1208960124641127,2024-12-11,,2024-12-11,Crypto Leo 3,Untitled section,,,,,,"DUX GROUP
    Deposit to get maximum bonus with skrill or crypto
    Pick a slot: Book of cats megaways, wild cash x9990,bigger bass bonanza, book of the fallen, JOKER TROUPE,Iron bank, Razor shark
    No max bet on roullete or high bet on low varieance slot (10 spins min) can withdraw early with own money target should be over 1k, if not MAX BET 5  early target is 5x D+B
    Note if slots or the maximum bet is overriding the software will notify you automatically
    Cancel bonus if you have less than 20 cents before accepting new bonus",Main Project CAD,,,,Not started,,SKRILL,200.00,100.00,5,35xDB,DUX,10xB
1208960124641144,2024-12-11,,2024-12-11,Crypto Leo 1,Untitled section,,,,,,"·  Deposit and Bonus Selection:
    Ensure the player selects the bonus during the deposit process.
    If the player does not receive the bonus, they must immediately contact customer support and provide a screenshot of the email containing the bonus offer.
·  Highroller Bonus:
    For the Highroller Bonus, the player must enter the bonus code ""50HIGH"" during the deposit.
    The deposit amount must be between €300-€500.
 
·  Real Money vs Bonus Money Play:
    Although real money (RM) and bonus money are tracked separately, they appear together in the player's balance.
    The player must first play using real money on games like:
        Roulette, Baccarat, Blackjack, Lines, Mines, and sometimes slots with higher bets.
    After using real money, the player can switch to playing slots with a maximum bet of €5.
        The specific bet should be adjusted to €2/€3/€4/€5, depending on the target.
·  Max Withdrawal (WD) Limit:
    Be aware that these bonuses come with a maximum withdrawal limit of 10x the bonus amount.
    The player should aim to hit 70% of the target to meet wagering requirements.
    If the player exceeds the allowable winnings, they should immediately notify a supervisor.
·  Bonus Cancellation:
    If the player has less than €0.20 in their bonus balance, they should cancel the bonus.
·  System Alerts for Betting Limits:
    If the player attempts to place a higher bet than allowed with bonus money, the system will alert them to stop.",Main Project CAD,,,,Not started,,SKRILL,400.00,400.00,5,35xDB,DUX,10xB
1208960124731537,2024-12-11,,2024-12-11,Dream Vegas,Untitled section,,,,,,"White hat gaming (luxon for welcome and skrill for reload bonuses )
    Deposit with Luxon
    Max bet 5
    Play slots: Big Bamboo, Joker Troupe, Mystery museum, wild cash x9990, domnitors deluxe 1 linebet, chaow crew, Book of time, Cash compas, Frutz, Let it snow
    Play WHT once a week  with luxon",Main Project CAD,,,,Not started,,"CARD, Luxon",250.00,500.00,5,40xDB,WHT,
1208960124731553,2024-12-11,,2024-12-11,Dublinbet 1,Untitled section,,,,,,"    Deposit:
        Use Skrill (specifically the Alexandar Casino Skrill card) to make a deposit.
    Play with Real Money (RM):
        Start playing with Real Money balance:
            Slot games: Place higher bets of €10/€15/€20, depending on your deposit amount.
            Table games:
                Roulette: Place bets of €50/€75, depending on your target.
                Baccarat: Go all-in until you reach your target.
    Check Bonus Activation:
        If the bonus is not active after RM play:
            Activate the bonus manually.
    Play with Bonus Money (BM):
        After activating the bonus, switch to playing with Bonus Money balance.
        Play slot games with a maximum bet of €5.",Main Project CAD,,,,Not started,,"CARD, CRYPTO, Mifinity, SKRILL, USDT",500.00,500.00,5,30xDB,MTM,
1208960124866435,2024-12-11,,2024-12-11,Brutal casino,Untitled section,,,,,,"    Deposit:
        Use Skrill (specifically the Alexandar Casino Skrill card) to make a deposit.
    Play with Real Money (RM):
        Start playing with Real Money balance:
            Slot games: Place higher bets of €10/€15/€20, depending on your deposit amount.
            Table games:
                Roulette: Place bets of €50/€75, depending on your target.
                Baccarat: Go all-in until you reach your target.
    Check Bonus Activation:
        If the bonus is not active after RM play:
            Activate the bonus manually.
    Play with Bonus Money (BM):
        After activating the bonus, switch to playing with Bonus Money balance.
        Play slot games with a maximum bet of €5.",Main Project CAD,,,,Not started,,"CARD, CRYPTO, Mifinity, SKRILL, USDT",300.00,300.00,5,30xDB,MTM,
1208960124866451,2024-12-11,,2024-12-11,Dublinbet 2,Untitled section,,,,,,"  Deposit:
        Use Skrill (specifically the Alexandar Casino Skrill card) to make a deposit.
    Play with Real Money (RM):
        Start playing with Real Money balance:
            Slot games: Place higher bets of €10/€15/€20, depending on your deposit amount.
            Table games:
                Roulette: Place bets of €50/€75, depending on your target.
                Baccarat: Go all-in until you reach your target.
    Check Bonus Activation:
        If the bonus is not active after RM play:
            Activate the bonus manually.
    Play with Bonus Money (BM):
        After activating the bonus, switch to playing with Bonus Money balance.
        Play slot games with a maximum bet of €5.",Main Project CAD,,,,Not started,,"CARD, CRYPTO, Mifinity, SKRILL, USDT",500.00,500.00,5,30xDB,MTM,
1208960124944428,2024-12-11,,2024-12-11,Europalace 1,Untitled section,,,,,,—,Main Project CAD,,,,Not started,,"CARD, SKRILL",20.00,20.00,8 or 0.5 per line,50xB,Fortune Lounge 1,6xB
1208960124944445,2024-12-11,,2024-12-11,Europalace 2,Untitled section,,,,,,—,Main Project CAD,,,,Not started,,"CARD, SKRILL",20.00,20.00,8 or 0.5 per line,50xB,Fortune Lounge 1,6xB
1208960125025106,2024-12-11,,2024-12-11,Europalace 3,Untitled section,,,,,,—,Main Project CAD,,,,Not started,,"CARD, SKRILL",20.00,20.00,8 or 0.5 per line,50xB,Fortune Lounge 1,6xB
1208960125025123,2024-12-11,,2024-12-11,Europalace 4,Untitled section,,,,,,—,Main Project CAD,,,,Not started,,"CARD, SKRILL",20.00,20.00,8 or 0.5 per line,50xB,Fortune Lounge 1,6xB
1208960125112765,2024-12-11,,2024-12-11,Europalace 5 NO BONUS,Untitled section,,,,,,—,Main Project CAD,,,,Not started,,"CARD, SKRILL",,,<30% bonus,50xB,Fortune Lounge 1,
1208960122003591,2024-12-11,,2024-12-11,Fatboss 1,Untitled section,,,,,,"   After the deposit, check whether the bonus is activated.
        If the bonus is active: The player should play a slot game with a maximum bet of €5.",Main Project CAD,,,,Not started,,"CARD, CRYPTO, Mifinity, SKRILL, USDT",50.00,50.00,5,30xDB,MTM,
1208960122003607,2024-12-11,,2024-12-11,Flush.com 1,Untitled section,,,,,,—,Main Project CAD,,,,STOP,,CRYPTO,300.00,450.00,5,35xDB,King of Clubz,
1208960124591588,2024-12-11,,2024-12-11,Golden Bet 1,Untitled section,,,,,,"    Deposit crypto
    Play high variance slots with max win 2-3k max win
    check for slots and how much to wager",Main Project CAD,,,,STOP,,"CRYPTO, Mifinity, Icard",300.00,300.00,5,35xDB,Santeda Int,10xB
1208960124591605,2024-12-11,,2024-12-11,Donbet.com,Untitled section,,,,,,"    Deposit crypto
    Play high variance slots with max win 2-3k max win
    check for slots and how much to wager",Main Project CAD,,,,Not started,,"CRYPTO, Mifinity, Icard",200.00,200.00,5,35xDB,Santeda Int,50xB
1208960124653332,2024-12-11,,2024-12-11,Cosmo Bet 1,Untitled section,,,,,,"    Deposit crypto
    Play high variance slots with max win 2-3k max win
    check for slots and how much to wager",Main Project CAD,,,,Not started,,"CRYPTO, Mifinity, Icard",330.00,495.00,5,30xDB,Santeda Int,
1208960124653348,2024-12-11,,2024-12-11,Cosmo Bet 3,Untitled section,,,,,,"    Deposit crypto
    Play high variance slots with max win 2-3k max win
    check for slots and how much to wager",Main Project CAD,,,,Not started,,"CRYPTO, Mifinity, Icard",300.00,300.00,5,30xDB,Santeda Int,
1208960124713447,2024-12-11,,2024-12-11,Cosmo Bet 2,Untitled section,,,,,,"    Deposit crypto
    Play high variance slots with max win 2-3k max win
    check for slots and how much to wager",Main Project CAD,,,,Not started,,"CRYPTO, Mifinity, Icard",300.00,300.00,5,30xDB,Santeda Int,
1208960124713463,2024-12-11,,2024-12-11,Golden Bet 2,Untitled section,,,,,,"    Deposit crypto
    Play high variance slots with max win 2-3k max win
    check for slots and how much to wager",Main Project CAD,,,,STOP,,"CRYPTO, Mifinity, Icard",300.00,300.00,5,35xDB,Santeda Int,10xB
1208960124770210,2024-12-11,,2024-12-11,Golden Bet 3,Untitled section,,,,,,"    Deposit crypto
    Play high variance slots with max win 2-3k max win
    check for slots and how much to wager",Main Project CAD,,,,STOP,,"CRYPTO, Mifinity, Icard",300.00,300.00,5,35xDB,Santeda Int,10xB
1208960124770227,2024-12-11,,2024-12-11,Mr Green,Untitled section,,,,,,"Real money part, play roulette or slot higher bet. With bonus max bet is 5!
Real money hit 1k+, cancel bonus if its real money.",Main Project CAD,,,,Not started,,"CARD, SKRILL",100.00,100.00,5,35xB,Mr Green Ltd Casinos,
1208960124845875,2024-12-11,,2024-12-11,High Roller casino,Untitled section,,,,,,"Dep 200-400
Your welcome bonus is a Parachute Bonus, meaning that you play with real money first, then bonus money. The rules below only apply when you play with your bonus money.
With real money you can play roulette, baccarat, slots  bigger bets

Only when playing with bonus: 17 Excluded Games From Bonus Play:
https://www.highroller.com/en-ie/terms-conditions",Main Project CAD,,,,Testing,,"CARD, CRYPTO, SKRILL",,,5,40xB,Happy Hour Solutions,
1208960124845887,2024-12-11,,2024-12-11,Hiperwin Casino,Untitled section,,,,,,"
  ·  Hiperwin Bonus:
    The Hiperwin bonus must be confirmed during registration.
    All other bonuses are automatically added.
    After the deposit, check whether the bonus is activated.
        If the bonus is active: The player should play a slot game with a maximum bet of €5.",Main Project CAD,,,,Not started,Yes,"CARD, CRYPTO, SKRILL",200.00,200.00,5,35xDB,MTM,
1208960124903836,2024-12-11,,2024-12-11,Jackpot Village,Untitled section,,,,,,"         Play WHT once a week  with luxon
White hat gaming (luxon for welcome and skrill for reload bonuses )
    Deposit with Luxon
    Max bet 5
    Play slots: Big Bamboo, Joker Troupe, Mystery museum, wild cash x9990, domnitors deluxe 1 linebet, chaow crew, Book of time, Cash compas, Frutz, Let it snow",Main Project CAD,,,,Not started,,CARD,250.00,500.00,5,40xDB,WHT,
1208960124903852,2024-12-11,,2024-12-11,Kryptosino Nowager,Untitled section,,,,,,"    Max cashout is five times the bonus amount.
    Max bet while bonus active is $6.",Main Project CAD,,,,Not started,,"CARD, CRYPTO, Mifinity, USDT",500.00,500.00,6,,Versus Odds,5
1208960153682246,2024-12-11,,2024-12-11,Kaiserino 3,Untitled section,,,,,,"    Max cashout is five times the bonus amount.
    Max bet while bonus active is $6.",Main Project CAD,,,,Not started,,"CARD, CRYPTO, Mifinity, USDT",200.00,400.00,5,,Versus Odds,
1208960153682261,2024-12-11,,2024-12-11, Kaiserino 1,Untitled section,,,,,,"    Max cashout is five times the bonus amount.
    Max bet while bonus active is $6.",Main Project CAD,,,,Not started,,"CARD, CRYPTO, Mifinity, USDT",300.00,300.00,5,,Versus Odds,
1208960155394226,2024-12-11,,2024-12-11,Kaiserino 2,Untitled section,,,,,,"    Max cashout is five times the bonus amount.
    Max bet while bonus active is $6.",Main Project CAD,,,,Not started,,"CARD, CRYPTO, Mifinity, USDT",400.00,300.00,5,,Versus Odds,
1208960155394241,2024-12-11,,2024-12-11,Slotilda 1,Untitled section,,,,,,"    Max cashout is five times the bonus amount.
    Max bet while bonus active is $6.",Main Project CAD,,,,Not started,,"CARD, CRYPTO, Mifinity, USDT",300.00,300.00,5,,Versus Odds,
1208960155445199,2024-12-11,,2024-12-11,Slotilda 2,Untitled section,,,,,,"    Max cashout is five times the bonus amount.
    Max bet while bonus active is $6.",Main Project CAD,,,,Not started,,"CARD, CRYPTO, Mifinity, USDT",400.00,300.00,5,,Versus Odds,
1208960155445214,2024-12-11,,2024-12-11,Slotilda 3,Untitled section,,,,,,"    Max cashout is five times the bonus amount.
    Max bet while bonus active is $6.",Main Project CAD,,,,Not started,,"CARD, CRYPTO, Mifinity, USDT",200.00,400.00,5,,Versus Odds,
1208960155493934,2024-12-11,,2024-12-11,Lucky31 1,Untitled section,,,,,,"    After the deposit, check whether the bonus is activated.
        If the bonus is active: The player should play a slot game with a maximum bet of €5.",Main Project CAD,,,,Not started,,"CARD, CRYPTO, Mifinity, SKRILL, USDT",100.00,100.00,5,30xDB,MTM,
1208960155493950,2024-12-11,,2024-12-11,Mystake 1,Untitled section,,,,,,—,Main Project CAD,,,,Not started,,"CARD, CRYPTO, Mifinity, Icard, USDT",300.00,450.00,5,30xDB,Santeda Int,
1208960155588846,2024-12-11,,2024-12-11,Mystake 2,Untitled section,,,,,,—,Main Project CAD,,,,Not started,,"CARD, CRYPTO, Mifinity, Icard, USDT",300.00,450.00,5,30xDB,Santeda Int,
1208960155588862,2024-12-11,,2024-12-11,NeedForSpin 1,Untitled section,,,,,,"
·  Deposit Funds:
    Ensure the player makes a deposit into their account to start playing with real money.
·  Playing with Real Money:
    After the deposit is confirmed, the player must first play using real money.
    Betting:
        For slots or table games, the recommended bet is between €10-€20 per spin or round, depending on the target amount.
        If the player is playing baccarat, they should go ""all-in"" until they reach their target.
·  Activating the Bonus:
    Once the player finishes playing with real money, they need to go to the ""My Bonuses"" section.
    There, they can activate their bonus.
·  Maximum Bet with Bonus Money:
    When using bonus money, the maximum allowed bet is €5.
·  Playing Free Spins:
    After the player has used their bonus money, they must also play any free spins that come with the bonus.
·  Bust Scenario:
    If the player loses all their funds (busts), instruct them to cancel all remaining bonuses and make a new deposit to continue.
·  No Bonus Received:
    If the player does not receive a bonus after following the steps, they should be directed to contact customer support via chat for further assistance.",Main Project CAD,,,,Not started,,"CARD, Mifinity, SKRILL",270.00,300.00,5,45xB,Gbl solutions,10xD
1208960155660110,2024-12-11,,2024-12-11,NeedForSpin 4,Untitled section,,,,,,"
·  Deposit Funds:
    Ensure the player makes a deposit into their account to start playing with real money.
·  Playing with Real Money:
    After the deposit is confirmed, the player must first play using real money.
    Betting:
        For slots or table games, the recommended bet is between €10-€20 per spin or round, depending on the target amount.
        If the player is playing baccarat, they should go ""all-in"" until they reach their target.
·  Activating the Bonus:
    Once the player finishes playing with real money, they need to go to the ""My Bonuses"" section.
    There, they can activate their bonus.
·  Maximum Bet with Bonus Money:
    When using bonus money, the maximum allowed bet is €5.
·  Playing Free Spins:
    After the player has used their bonus money, they must also play any free spins that come with the bonus.
·  Bust Scenario:
    If the player loses all their funds (busts), instruct them to cancel all remaining bonuses and make a new deposit to continue.
·  No Bonus Received:
    If the player does not receive a bonus after following the steps, they should be directed to contact customer support via chat for further assistance.",Main Project CAD,,,,Not started,,"CARD, Mifinity, SKRILL",300.00,150.00,5,45xB,Gbl solutions,10xD
1208960155660127,2024-12-11,,2024-12-11,NeedForSpin 2,Untitled section,,,,,,"—
·  Deposit Funds:
    Ensure the player makes a deposit into their account to start playing with real money.
·  Playing with Real Money:
    After the deposit is confirmed, the player must first play using real money.
    Betting:
        For slots or table games, the recommended bet is between €10-€20 per spin or round, depending on the target amount.
        If the player is playing baccarat, they should go ""all-in"" until they reach their target.
·  Activating the Bonus:
    Once the player finishes playing with real money, they need to go to the ""My Bonuses"" section.
    There, they can activate their bonus.
·  Maximum Bet with Bonus Money:
    When using bonus money, the maximum allowed bet is €5.
·  Playing Free Spins:
    After the player has used their bonus money, they must also play any free spins that come with the bonus.
·  Bust Scenario:
    If the player loses all their funds (busts), instruct them to cancel all remaining bonuses and make a new deposit to continue.
·  No Bonus Received:
    If the player does not receive a bonus after following the steps, they should be directed to contact customer support via chat for further assistance.",Main Project CAD,,,,Not started,,"CARD, Mifinity, SKRILL",300.00,180.00,5,45xB,Gbl solutions,10xD
1208960155722778,2024-12-11,,2024-12-11,NeedForSpin 3,Untitled section,,,,,,"—
·  Deposit Funds:
    Ensure the player makes a deposit into their account to start playing with real money.
·  Playing with Real Money:
    After the deposit is confirmed, the player must first play using real money.
    Betting:
        For slots or table games, the recommended bet is between €10-€20 per spin or round, depending on the target amount.
        If the player is playing baccarat, they should go ""all-in"" until they reach their target.
·  Activating the Bonus:
    Once the player finishes playing with real money, they need to go to the ""My Bonuses"" section.
    There, they can activate their bonus.
·  Maximum Bet with Bonus Money:
    When using bonus money, the maximum allowed bet is €5.
·  Playing Free Spins:
    After the player has used their bonus money, they must also play any free spins that come with the bonus.
·  Bust Scenario:
    If the player loses all their funds (busts), instruct them to cancel all remaining bonuses and make a new deposit to continue.
·  No Bonus Received:
    If the player does not receive a bonus after following the steps, they should be directed to contact customer support via chat for further assistance.",Main Project CAD,,,,Not started,,"CARD, Mifinity, SKRILL",300.00,180.00,5,45xB,Gbl solutions,10xD
1208960155722795,2024-12-11,,2024-12-11,NeedForSpin 5,Untitled section,,,,,,—,Main Project CAD,,,,Not started,,"CARD, Mifinity, SKRILL",280.00,196.00,5,45xB,Gbl solutions,10xD
1208960146706164,2024-12-11,,2024-12-11,Nine Casino 1,Untitled section,,,,,,"·  Deposit and Bonus Selection:
    Ensure the player selects the bonus during the deposit process.
    If the player does not receive the bonus, they must immediately contact customer support and provide a screenshot of the email containing the bonus offer.
·  Highroller Bonus:
    For the Highroller Bonus, the player must enter the bonus code ""50HIGH"" during the deposit.
    The deposit amount must be between €300-€500.
 
·  Real Money vs Bonus Money Play:
    Although real money (RM) and bonus money are tracked separately, they appear together in the player's balance.
    The player must first play using real money on games like:
        Roulette, Baccarat, Blackjack, Lines, Mines, and sometimes slots with higher bets.
    After using real money, the player can switch to playing slots with a maximum bet of €5.
        The specific bet should be adjusted to €2/€3/€4/€5, depending on the target.
·  Max Withdrawal (WD) Limit:
    Be aware that these bonuses come with a maximum withdrawal limit of 10x the bonus amount.
    The player should aim to hit 70% of the target to meet wagering requirements.
    If the player exceeds the allowable winnings, they should immediately notify a supervisor.
·  Bonus Cancellation:
    If the player has less than €0.20 in their bonus balance, they should cancel the bonus.
·  System Alerts for Betting Limits:
    If the player attempts to place a higher bet than allowed with bonus money, the system will alert them to stop.",Main Project CAD,,,,Not started,,"CARD, SKRILL",150.00,150.00,5,35xDB,DUX,10xB
1208960155375328,2024-12-11,,2024-12-11,JokaBet 1,Untitled section,,,,,,"·  Deposit and Bonus Selection:
    Ensure the player selects the bonus during the deposit process.
    If the player does not receive the bonus, they must immediately contact customer support and provide a screenshot of the email containing the bonus offer.
·  Highroller Bonus:
    For the Highroller Bonus, the player must enter the bonus code ""50HIGH"" during the deposit.
    The deposit amount must be between €300-€500.
 
·  Real Money vs Bonus Money Play:
    Although real money (RM) and bonus money are tracked separately, they appear together in the player's balance.
    The player must first play using real money on games like:
        Roulette, Baccarat, Blackjack, Lines, Mines, and sometimes slots with higher bets.
    After using real money, the player can switch to playing slots with a maximum bet of €5.
        The specific bet should be adjusted to €2/€3/€4/€5, depending on the target.
·  Max Withdrawal (WD) Limit:
    Be aware that these bonuses come with a maximum withdrawal limit of 10x the bonus amount.
    The player should aim to hit 70% of the target to meet wagering requirements.
    If the player exceeds the allowable winnings, they should immediately notify a supervisor.
·  Bonus Cancellation:
    If the player has less than €0.20 in their bonus balance, they should cancel the bonus.
·  System Alerts for Betting Limits:
    If the player attempts to place a higher bet than allowed with bonus money, the system will alert them to stop.",Main Project CAD,,,,Not started,,"CARD, SKRILL",150.00,150.00,5,35xDB,DUX,10xB
1208960155375345,2024-12-11,,2024-12-11,B7Casino 1,Untitled section,,,,,,"·  Deposit and Bonus Selection:
    Ensure the player selects the bonus during the deposit process.
    If the player does not receive the bonus, they must immediately contact customer support and provide a screenshot of the email containing the bonus offer.
·  Highroller Bonus:
    For the Highroller Bonus, the player must enter the bonus code ""50HIGH"" during the deposit.
    The deposit amount must be between €300-€500.
 
·  Real Money vs Bonus Money Play:
    Although real money (RM) and bonus money are tracked separately, they appear together in the player's balance.
    The player must first play using real money on games like:
        Roulette, Baccarat, Blackjack, Lines, Mines, and sometimes slots with higher bets.
    After using real money, the player can switch to playing slots with a maximum bet of €5.
        The specific bet should be adjusted to €2/€3/€4/€5, depending on the target.
·  Max Withdrawal (WD) Limit:
    Be aware that these bonuses come with a maximum withdrawal limit of 10x the bonus amount.
    The player should aim to hit 70% of the target to meet wagering requirements.
    If the player exceeds the allowable winnings, they should immediately notify a supervisor.
·  Bonus Cancellation:
    If the player has less than €0.20 in their bonus balance, they should cancel the bonus.
·  System Alerts for Betting Limits:
    If the player attempts to place a higher bet than allowed with bonus money, the system will alert them to stop.",Main Project CAD,,,,Not started,,"CARD, SKRILL",150.00,150.00,5,35xDB,DUX,10xB
1208960155479454,2024-12-11,,2024-12-11,Bet on Red 1,Untitled section,,,,,,"·  Deposit and Bonus Selection:
    Ensure the player selects the bonus during the deposit process.
    If the player does not receive the bonus, they must immediately contact customer support and provide a screenshot of the email containing the bonus offer.
·  Highroller Bonus:
    For the Highroller Bonus, the player must enter the bonus code ""50HIGH"" during the deposit.
    The deposit amount must be between €300-€500.
 
·  Real Money vs Bonus Money Play:
    Although real money (RM) and bonus money are tracked separately, they appear together in the player's balance.
    The player must first play using real money on games like:
        Roulette, Baccarat, Blackjack, Lines, Mines, and sometimes slots with higher bets.
    After using real money, the player can switch to playing slots with a maximum bet of €5.
        The specific bet should be adjusted to €2/€3/€4/€5, depending on the target.
·  Max Withdrawal (WD) Limit:
    Be aware that these bonuses come with a maximum withdrawal limit of 10x the bonus amount.
    The player should aim to hit 70% of the target to meet wagering requirements.
    If the player exceeds the allowable winnings, they should immediately notify a supervisor.
·  Bonus Cancellation:
    If the player has less than €0.20 in their bonus balance, they should cancel the bonus.
·  System Alerts for Betting Limits:
    If the player attempts to place a higher bet than allowed with bonus money, the system will alert them to stop.",Main Project CAD,,,,Not started,,"CARD, SKRILL",150.00,150.00,5,35xDB,DUX,10xB
1208960155479471,2024-12-11,,2024-12-11,Bruno caisno 1,Untitled section,,,,,,"·  Deposit and Bonus Selection:
    Ensure the player selects the bonus during the deposit process.
    If the player does not receive the bonus, they must immediately contact customer support and provide a screenshot of the email containing the bonus offer.
·  Highroller Bonus:
    For the Highroller Bonus, the player must enter the bonus code ""50HIGH"" during the deposit.
    The deposit amount must be between €300-€500.
 
·  Real Money vs Bonus Money Play:
    Although real money (RM) and bonus money are tracked separately, they appear together in the player's balance.
    The player must first play using real money on games like:
        Roulette, Baccarat, Blackjack, Lines, Mines, and sometimes slots with higher bets.
    After using real money, the player can switch to playing slots with a maximum bet of €5.
        The specific bet should be adjusted to €2/€3/€4/€5, depending on the target.
·  Max Withdrawal (WD) Limit:
    Be aware that these bonuses come with a maximum withdrawal limit of 10x the bonus amount.
    The player should aim to hit 70% of the target to meet wagering requirements.
    If the player exceeds the allowable winnings, they should immediately notify a supervisor.
·  Bonus Cancellation:
    If the player has less than €0.20 in their bonus balance, they should cancel the bonus.
·  System Alerts for Betting Limits:
    If the player attempts to place a higher bet than allowed with bonus money, the system will alert them to stop.",Main Project CAD,,,,Not started,,"CARD, SKRILL",150.00,150.00,5,35xDB,DUX,10xB
1208960155607548,2024-12-11,,2024-12-11,Bdm bet 1,Untitled section,,,,,,"·  Deposit and Bonus Selection:
    Ensure the player selects the bonus during the deposit process.
    If the player does not receive the bonus, they must immediately contact customer support and provide a screenshot of the email containing the bonus offer.
·  Highroller Bonus:
    For the Highroller Bonus, the player must enter the bonus code ""50HIGH"" during the deposit.
    The deposit amount must be between €300-€500.
 
·  Real Money vs Bonus Money Play:
    Although real money (RM) and bonus money are tracked separately, they appear together in the player's balance.
    The player must first play using real money on games like:
        Roulette, Baccarat, Blackjack, Lines, Mines, and sometimes slots with higher bets.
    After using real money, the player can switch to playing slots with a maximum bet of €5.
        The specific bet should be adjusted to €2/€3/€4/€5, depending on the target.
·  Max Withdrawal (WD) Limit:
    Be aware that these bonuses come with a maximum withdrawal limit of 10x the bonus amount.
    The player should aim to hit 70% of the target to meet wagering requirements.
    If the player exceeds the allowable winnings, they should immediately notify a supervisor.
·  Bonus Cancellation:
    If the player has less than €0.20 in their bonus balance, they should cancel the bonus.
·  System Alerts for Betting Limits:
    If the player attempts to place a higher bet than allowed with bonus money, the system will alert them to stop.",Main Project CAD,,,,Not started,,"CARD, SKRILL",150.00,150.00,5,35xDB,DUX,10xB
1208960155607565,2024-12-11,,2024-12-11,Nine Casino 2,Untitled section,,,,,,"DUX GROUP
    Deposit 200, 220,250,270
    Max bet 5 can withdraw early with own money target should be over 1k, if not early target is 5x D+B
    With real balance play roulette, baccarat, BJ, lines, mines and sometimes slots higher bets
    Note if slots or the maximum bet is overriding the software will notify you automatically
    Cancel bonus if you have less than 20 cents before accepting new bonus",Main Project CAD,,,,Not started,,"CARD, SKRILL",,,5,35xDB,DUX,10xB
1208960155699719,2024-12-11,,2024-12-11,JokaBet 2,Untitled section,,,,,,"DUX GROUP
    Deposit 200, 220,250,270
    Max bet 5 can withdraw early with own money target should be over 1k, if not early target is 5x D+B
    With real balance play roulette, baccarat, BJ, lines, mines and sometimes slots higher bets
    Note if slots or the maximum bet is overriding the software will notify you automatically
    Cancel bonus if you have less than 20 cents before accepting new bonus",Main Project CAD,,,,Not started,,"CARD, SKRILL",,,5,35xDB,DUX,10xB
1208960155699732,2024-12-11,,2024-12-11,B7Casino 2,Untitled section,,,,,,"DUX GROUP
    Deposit 200, 220,250,270
    Max bet 5 can withdraw early with own money target should be over 1k, if not early target is 5x D+B
    With real balance play roulette, baccarat, BJ, lines, mines and sometimes slots higher bets
    Note if slots or the maximum bet is overriding the software will notify you automatically
    Cancel bonus if you have less than 20 cents before accepting new bonus",Main Project CAD,,,,Not started,,"CARD, SKRILL",,,5,35xDB,DUX,10xB
1208960155786733,2024-12-11,,2024-12-11,Bet on Red  2,Untitled section,,,,,,"DUX GROUP
    Deposit 200, 220,250,270
    Max bet 5 can withdraw early with own money target should be over 1k, if not early target is 5x D+B
    With real balance play roulette, baccarat, BJ, lines, mines and sometimes slots higher bets
    Note if slots or the maximum bet is overriding the software will notify you automatically
    Cancel bonus if you have less than 20 cents before accepting new bonus",Main Project CAD,,,,Not started,,"CARD, SKRILL",,,5,35xDB,DUX,10xB
1208960155786746,2024-12-11,,2024-12-11,Bruno Casino 2,Untitled section,,,,,,"DUX GROUP
    Deposit 200, 220,250,270
    Max bet 5 can withdraw early with own money target should be over 1k, if not early target is 5x D+B
    With real balance play roulette, baccarat, BJ, lines, mines and sometimes slots higher bets
    Note if slots or the maximum bet is overriding the software will notify you automatically
    Cancel bonus if you have less than 20 cents before accepting new bonus",Main Project CAD,,,,Not started,,"CARD, SKRILL",,,5,35xDB,DUX,10xB
1208960155786759,2024-12-11,,2024-12-11,Bdm bet 2,Untitled section,,,,,,"DUX GROUP
    Deposit 200, 220,250,270
    Max bet 5 can withdraw early with own money target should be over 1k, if not early target is 5x D+B
    With real balance play roulette, baccarat, BJ, lines, mines and sometimes slots higher bets
    Note if slots or the maximum bet is overriding the software will notify you automatically
    Cancel bonus if you have less than 20 cents before accepting new bonus",Main Project CAD,,,,Not started,,"CARD, SKRILL",,,5,35xDB,DUX,10xB
1208960155936078,2024-12-11,,2024-12-11,Nine Casino 3,Untitled section,,,,,,"DUX GROUP
 
      With real balance play roulette, baccarat, BJ, lines, mines and sometimes slots higher bets
    Note if slots or the maximum bet is overriding the software will notify you automatically
    Cancel bonus if you have less than 20 cents before accepting new bonuswith own money target should be over 1k, if not MAX BET 5  early target is 5x D+B
    Note if slots or the maximum bet is overriding the software will notify you automatically
    Cancel bonus if you have less than 20 cents before accepting new bonus
    First play deposit money on roullete or high bet on low varieance slot (10 spins min)",Main Project CAD,,,,Not started,,"CARD, SKRILL",150.00,150.00,5,35xDB,DUX,10xB
1208960124783753,2024-12-11,,2024-12-11,JokaBet 3,Untitled section,,,,,,"DUX GROUP
 
      With real balance play roulette, baccarat, BJ, lines, mines and sometimes slots higher bets
    Note if slots or the maximum bet is overriding the software will notify you automatically
    Cancel bonus if you have less than 20 cents before accepting new bonuswith own money target should be over 1k, if not MAX BET 5  early target is 5x D+B
    Note if slots or the maximum bet is overriding the software will notify you automatically
    Cancel bonus if you have less than 20 cents before accepting new bonus
    First play deposit money on roullete or high bet on low varieance slot (10 spins min)",Main Project CAD,,,,Not started,,"CARD, SKRILL",150.00,150.00,5,35xDB,DUX,10xB
1208960119528691,2024-12-11,,2024-12-11,B7Casino 3,Untitled section,,,,,,"DUX GROUP
 
      With real balance play roulette, baccarat, BJ, lines, mines and sometimes slots higher bets
    Note if slots or the maximum bet is overriding the software will notify you automatically
    Cancel bonus if you have less than 20 cents before accepting new bonuswith own money target should be over 1k, if not MAX BET 5  early target is 5x D+B
    Note if slots or the maximum bet is overriding the software will notify you automatically
    Cancel bonus if you have less than 20 cents before accepting new bonus
    First play deposit money on roullete or high bet on low varieance slot (10 spins min)",Main Project CAD,,,,Not started,,"CARD, SKRILL",150.00,150.00,5,35xDB,DUX,10xB
1208960124527889,2024-12-11,,2024-12-11,Bet on Red 3,Untitled section,,,,,,"DUX GROUP
 
      With real balance play roulette, baccarat, BJ, lines, mines and sometimes slots higher bets
    Note if slots or the maximum bet is overriding the software will notify you automatically
    Cancel bonus if you have less than 20 cents before accepting new bonuswith own money target should be over 1k, if not MAX BET 5  early target is 5x D+B
    Note if slots or the maximum bet is overriding the software will notify you automatically
    Cancel bonus if you have less than 20 cents before accepting new bonus
    First play deposit money on roullete or high bet on low varieance slot (10 spins min)",Main Project CAD,,,,Not started,,"CARD, SKRILL",150.00,150.00,5,35xDB,DUX,10xB
1208960124527906,2024-12-11,,2024-12-11,Bruno Casino 3,Untitled section,,,,,,"DUX GROUP
 
      With real balance play roulette, baccarat, BJ, lines, mines and sometimes slots higher bets
    Note if slots or the maximum bet is overriding the software will notify you automatically
    Cancel bonus if you have less than 20 cents before accepting new bonuswith own money target should be over 1k, if not MAX BET 5  early target is 5x D+B
    Note if slots or the maximum bet is overriding the software will notify you automatically
    Cancel bonus if you have less than 20 cents before accepting new bonus
    First play deposit money on roullete or high bet on low varieance slot (10 spins min)",Main Project CAD,,,,Not started,,"CARD, SKRILL",150.00,150.00,5,35xDB,DUX,10xB
1208960124615174,2024-12-11,,2024-12-11,Bdm bet 3,Untitled section,,,,,,"DUX GROUP
 
      With real balance play roulette, baccarat, BJ, lines, mines and sometimes slots higher bets
    Note if slots or the maximum bet is overriding the software will notify you automatically
    Cancel bonus if you have less than 20 cents before accepting new bonuswith own money target should be over 1k, if not MAX BET 5  early target is 5x D+B
    Note if slots or the maximum bet is overriding the software will notify you automatically
    Cancel bonus if you have less than 20 cents before accepting new bonus
    First play deposit money on roullete or high bet on low varieance slot (10 spins min)",Main Project CAD,,,,Not started,,"CARD, SKRILL",150.00,150.00,5,35xDB,DUX,10xB
1208960124674275,2024-12-11,,2024-12-11,Platinum Play 1,Untitled section,,,,,,—,Main Project CAD,,,,Not started,,"CARD, SKRILL",20.00,20.00,8 or 0.5 per line,50xB,Fortune Lounge 1,6xB
1208960124674292,2024-12-11,,2024-12-11,Platinum Play 2,Untitled section,,,,,,—,Main Project CAD,,,,Not started,,"CARD, SKRILL",20.00,20.00,8 or 0.5 per line,50xB,Fortune Lounge 1,6xB
1208960124750520,2024-12-11,,2024-12-11,Platinum Play 3,Untitled section,,,,,,"    Register casino
    Input correct bonus code or chose the bonus code
    wager low-mid variance slot
    Might need to save in the free spins if win higher amount then 2000",Main Project CAD,,,,Not started,,"CARD, SKRILL",20.00,20.00,8 or 0.5 per line,50xB,Fortune Lounge 1,6xB
1208960124750537,2024-12-11,,2024-12-11,Platinum Play 4 NO BONUS,Untitled section,,,,,,"    Register casino
    Input correct bonus code or chose the bonus code
    wager low-mid variance slot
    Might need to save in the free spins if win higher amount then 2000",Main Project CAD,,,,Not started,,"CARD, SKRILL",,,<30% bonus,50xB,Fortune Lounge 1,
1208960124824030,2024-12-11,,2024-12-11,Rocketpot,Untitled section,,,,,,"100xB wager
max bonus 5k",Main Project CAD,,,,STOP,,CRYPTO,200.00,200.00,none,,Danneskjold Ventures B.V.,
1208960124824045,2024-12-11,,2024-12-11,Royal Vegas 1,Untitled section,,,,,,—,Main Project CAD,,,,Not started,,"CARD, SKRILL, USDT",20.00,20.00,8 or 0.5 per line,50xB,Fortune Lounge 1,6xB
1208960124888054,2024-12-11,,2024-12-11,Royal Vegas 2,Untitled section,,,,,,—,Main Project CAD,,,,Not started,,"CARD, SKRILL, USDT",20.00,20.00,8 or 0.5 per line,50xB,Fortune Lounge 1,6xB
1208960124888071,2024-12-11,,2024-12-11,Royal Vegas 3,Untitled section,,,,,,—,Main Project CAD,,,,Not started,,"CARD, SKRILL, USDT",20.00,20.00,8 or 0.5 per line,50xB,Fortune Lounge 1,6xB
1208960124950915,2024-12-11,,2024-12-11,Royal Vegas 4,Untitled section,,,,,,—,Main Project CAD,,,,Not started,,"CARD, SKRILL, USDT",20.00,20.00,8 or 0.5 per line,50xB,Fortune Lounge 1,6xB
1208960124950932,2024-12-11,,2024-12-11,Royal Vegas 5 NO BONUS,Untitled section,,,,,,—,Main Project CAD,,,,Not started,,"CARD, SKRILL, Luxon",,,<30% bonus,50xB,Fortune Lounge 1,
1208960124085067,2024-12-11,,2024-12-11,Bethard,Untitled section,,,,,,—,Main Project CAD,,,,Testing,,Mifinity,100.00,100.00,5,20xDB,Prozone LTD,
1208960124085083,2024-12-11,,2024-12-11,One casino,Untitled section,,,,,,—,Main Project CAD,,,,Testing,,SKRILL CARD,100.00,100.00,5,20xDB,,
1208960124608755,2024-12-11,,2024-12-11,Betvictor,Untitled section,,,,,,"No max bet, play coins, lines , mines target 1800-2000",Main Project CAD,,,,Testing,,SKRILL CARD,300.00,300.00,none,40xB,BV Gaming Limited,10000
1208960124608772,2024-12-11,,2024-12-11,Temple Nile 1,Untitled section,,,,,,"  White hat gaming (luxon for welcome and skrill for reload bonuses )
    Deposit with Luxon
    Max bet 5
    Play slots: Big Bamboo, Joker Troupe, Mystery museum, wild cash x9990, domnitors deluxe 1 linebet, chaow crew, Book of time, Cash compas, Frutz, Let it snow
           Play WHT once a week  with luxon",Main Project CAD,,,,Not started,,"Luxon, WISE",250.00,500.00,5,40xDB,WHT,
1208960124674217,2024-12-11,,2024-12-11,Skolcasino,Untitled section,,,,,,"   White hat gaming (luxon for welcome and skrill for reload bonuses )
    Deposit with Luxon 
    Play WHT once a week  with luxon",Main Project CAD,,,,Not started,,"Luxon, WISE",200.00,200.00,5,35xDB,WHT,
1208960124674233,2024-12-11,,2024-12-11,Casimba,Untitled section,,,,,,"   White hat gaming (luxon for welcome and skrill for reload bonuses )
    Deposit with Luxon 
    Play WHT once a week  with luxon",Main Project CAD,,,,Not started,,"Luxon, WISE",,,5,35xDB,WHT,
1208960124754057,2024-12-11,,2024-12-11,Temple Nile Reload 2,Untitled section,,,,,,"White hat gaming (luxon for welcome and skrill for reload bonuses )
    Deposit with Luxon
    Max bet 5
    Play slots: Big Bamboo, Joker Troupe, Mystery museum, wild cash x9990, domnitors deluxe 1 linebet, chaow crew, Book of time, Cash compas, Frutz, Let it snow
             Play WHT once a week  with luxon",Main Project CAD,,,,Not started,,"CARD, Luxon",200.00,100.00,5,40xB,WHT,
1208960124754073,2024-12-11,,2024-12-11,CRYPTO Fairspin 200% 10.000 euro  check casino guru,Untitled section,,,,,,—,Main Project CAD,,,,STOP,,CRYPTO,,,,,,
1208960124754082,2024-12-11,,2024-12-11,Tonybet 1 play first,Untitled section,,,,,,"·  Deposit Funds:
    Instruct the player to make a deposit and ensure they select the bonus option when making the payment via Skrill.
    Important: If the player does not receive the bonus after depositing, they should immediately contact customer support.
·  Playing Slots:
    Once the deposit is complete, the player should play a slot game with a €5 bet.
    The slot game must not have the option to purchase a bonus (no bonus buy feature).
·  Non-Wagering Slots:
    If the player receives a message that the selected slot does not count towards wagering requirements, they should stop playing that slot and choose another one.",Main Project CAD,,,,Not started,,"CARD, SKRILL",500.00,500.00,10,50xB,TECHSOLUTION,15k
1208960124826255,2024-12-11,,2024-12-11,Tonybet 2 play first,Untitled section,,,,,,"  Deposit Funds:
    Instruct the player to make a deposit and ensure they select the bonus option when making the payment via Skrill.
    Important: If the player does not receive the bonus after depositing, they should immediately contact customer support.
·  Playing Slots:
    Once the deposit is complete, the player should play a slot game with a €5 bet.
    The slot game must not have the option to purchase a bonus (no bonus buy feature).
·  Non-Wagering Slots:
    If the player receives a message that the selected slot does not count towards wagering requirements, they should stop playing that slot and choose another one.",Main Project CAD,,,,Not started,,"CARD, SKRILL",500.00,500.00,10,50xB,TECHSOLUTION,15k
1208960124826272,2024-12-11,,2024-12-11,Tonybet 3 RL,Untitled section,,,,,,"Tech solution group
    Deposit and bonus are separated, you can early withdraw
    Target for EW is 7xD
    Max bet is 5 until bonus is canceled",Main Project CAD,,,,Not started,,"CARD, SKRILL",500.00,500.00,10,50xB,TECHSOLUTION,15k
1208960124889536,2024-12-11,,2024-12-11,Tonybet 4 RL,Untitled section,,,,,,"Tech solution group
    Deposit and bonus are separated, you can early withdraw
    Target for EW is 7xD
    Max bet is 5 until bonus is canceled",Main Project CAD,,,,Not started,,"CARD, SKRILL",500.00,500.00,10,50xB,TECHSOLUTION,15k
1208960124950881,2024-12-11,,2024-12-11,Tonybet  5 RL,Untitled section,,,,,,"Tech solution group
    Deposit and bonus are separated, you can early withdraw
    Target for EW is 7xD
    Max bet is 5 until bonus is canceled",Main Project CAD,,,,Not started,,"CARD, SKRILL",200.00,100.00,10,50xB,TECHSOLUTION,15k
1208960124950898,2024-12-11,,2024-12-11,Wild Tokyo 1,Untitled section,,,,,,"
·  Deposit Funds:
    Ensure the player makes a deposit into their account to start playing with real money.
·  Playing with Real Money:
    After the deposit is confirmed, the player must first play using real money.
    Betting:
        For slots or table games, the recommended bet is between €10-€20 per spin or round, depending on the target amount.
        If the player is playing baccarat, they should go ""all-in"" until they reach their target.
·  Activating the Bonus:
    Once the player finishes playing with real money, they need to go to the ""My Bonuses"" section.
    There, they can activate their bonus.
·  Maximum Bet with Bonus Money:
    When using bonus money, the maximum allowed bet is €5.
·  Playing Free Spins:
    After the player has used their bonus money, they must also play any free spins that come with the bonus.
·  Bust Scenario:
    If the player loses all their funds (busts), instruct them to cancel all remaining bonuses and make a new deposit to continue.
·  No Bonus Received:
    If the player does not receive a bonus after following the steps, they should be directed to contact customer support via chat for further assistance.",Main Project CAD,,,,Not started,,"CARD, Mifinity, SKRILL",270.00,297.00,5,50xB,Gbl solutions,10xD
1208960124132487,2024-12-11,,2024-12-11,winshark 1,Untitled section,,,,,,"
·  Deposit Funds:
    Ensure the player makes a deposit into their account to start playing with real money.
·  Playing with Real Money:
    After the deposit is confirmed, the player must first play using real money.
    Betting:
        For slots or table games, the recommended bet is between €10-€20 per spin or round, depending on the target amount.
        If the player is playing baccarat, they should go ""all-in"" until they reach their target.
·  Activating the Bonus:
    Once the player finishes playing with real money, they need to go to the ""My Bonuses"" section.
    There, they can activate their bonus.
·  Maximum Bet with Bonus Money:
    When using bonus money, the maximum allowed bet is €5.
·  Playing Free Spins:
    After the player has used their bonus money, they must also play any free spins that come with the bonus.
·  Bust Scenario:
    If the player loses all their funds (busts), instruct them to cancel all remaining bonuses and make a new deposit to continue.
·  No Bonus Received:
    If the player does not receive a bonus after following the steps, they should be directed to contact customer support via chat for further assistance.",Main Project CAD,,,,STOP,,"CARD, Mifinity, SKRILL",150.00,150.00,5,50xB,Gbl solutions,10xD
1208960124132504,2024-12-11,,2024-12-11,Wild Tokyo 2,Untitled section,,,,,,"
·  Deposit Funds:
    Ensure the player makes a deposit into their account to start playing with real money.
·  Playing with Real Money:
    After the deposit is confirmed, the player must first play using real money.
    Betting:
        For slots or table games, the recommended bet is between €10-€20 per spin or round, depending on the target amount.
        If the player is playing baccarat, they should go ""all-in"" until they reach their target.
·  Activating the Bonus:
    Once the player finishes playing with real money, they need to go to the ""My Bonuses"" section.
    There, they can activate their bonus.
·  Maximum Bet with Bonus Money:
    When using bonus money, the maximum allowed bet is €5.
·  Playing Free Spins:
    After the player has used their bonus money, they must also play any free spins that come with the bonus.
·  Bust Scenario:
    If the player loses all their funds (busts), instruct them to cancel all remaining bonuses and make a new deposit to continue.
·  No Bonus Received:
    If the player does not receive a bonus after following the steps, they should be directed to contact customer support via chat for further assistance.",Main Project CAD,,,,Not started,,"CARD, Mifinity, SKRILL",300.00,210.00,5,50xB,Gbl solutions,10xD
1208960124588158,2024-12-11,,2024-12-11,winshark 2,Untitled section,,,,,,"
·  Deposit Funds:
    Ensure the player makes a deposit into their account to start playing with real money.
·  Playing with Real Money:
    After the deposit is confirmed, the player must first play using real money.
    Betting:
        For slots or table games, the recommended bet is between €10-€20 per spin or round, depending on the target amount.
        If the player is playing baccarat, they should go ""all-in"" until they reach their target.
·  Activating the Bonus:
    Once the player finishes playing with real money, they need to go to the ""My Bonuses"" section.
    There, they can activate their bonus.
·  Maximum Bet with Bonus Money:
    When using bonus money, the maximum allowed bet is €5.
·  Playing Free Spins:
    After the player has used their bonus money, they must also play any free spins that come with the bonus.
·  Bust Scenario:
    If the player loses all their funds (busts), instruct them to cancel all remaining bonuses and make a new deposit to continue.
·  No Bonus Received:
    If the player does not receive a bonus after following the steps, they should be directed to contact customer support via chat for further assistance.",Main Project CAD,,,,STOP,,"CARD, Mifinity, SKRILL",220.00,200.00,5,50xB,Gbl solutions,10xD
1208960124588175,2024-12-11,,2024-12-11,Wild Tokyo 3,Untitled section,,,,,,"
·  Deposit Funds:
    Ensure the player makes a deposit into their account to start playing with real money.
·  Playing with Real Money:
    After the deposit is confirmed, the player must first play using real money.
    Betting:
        For slots or table games, the recommended bet is between €10-€20 per spin or round, depending on the target amount.
        If the player is playing baccarat, they should go ""all-in"" until they reach their target.
·  Activating the Bonus:
    Once the player finishes playing with real money, they need to go to the ""My Bonuses"" section.
    There, they can activate their bonus.
·  Maximum Bet with Bonus Money:
    When using bonus money, the maximum allowed bet is €5.
·  Playing Free Spins:
    After the player has used their bonus money, they must also play any free spins that come with the bonus.
·  Bust Scenario:
    If the player loses all their funds (busts), instruct them to cancel all remaining bonuses and make a new deposit to continue.
·  No Bonus Received:
    If the player does not receive a bonus after following the steps, they should be directed to contact customer support via chat for further assistance.",Main Project CAD,,,,Not started,,"CARD, Mifinity, SKRILL",300.00,210.00,5,50xB,Gbl solutions,10xD
1208960124659954,2024-12-11,,2024-12-11,Winshark 3,Untitled section,,,,,,"
·  Deposit Funds:
    Ensure the player makes a deposit into their account to start playing with real money.
·  Playing with Real Money:
    After the deposit is confirmed, the player must first play using real money.
    Betting:
        For slots or table games, the recommended bet is between €10-€20 per spin or round, depending on the target amount.
        If the player is playing baccarat, they should go ""all-in"" until they reach their target.
·  Activating the Bonus:
    Once the player finishes playing with real money, they need to go to the ""My Bonuses"" section.
    There, they can activate their bonus.
·  Maximum Bet with Bonus Money:
    When using bonus money, the maximum allowed bet is €5.
·  Playing Free Spins:
    After the player has used their bonus money, they must also play any free spins that come with the bonus.
·  Bust Scenario:
    If the player loses all their funds (busts), instruct them to cancel all remaining bonuses and make a new deposit to continue.
·  No Bonus Received:
    If the player does not receive a bonus after following the steps, they should be directed to contact customer support via chat for further assistance.",Main Project CAD,,,,STOP,,"CARD, Mifinity, SKRILL",300.00,180.00,5,50xB,Gbl solutions,10xD
1208960124753926,2024-12-11,,2024-12-11,Rolling slots 1,Untitled section,,,,,,"
·  Deposit Funds:
    Ensure the player makes a deposit into their account to start playing with real money.
·  Playing with Real Money:
    After the deposit is confirmed, the player must first play using real money.
    Betting:
        For slots or table games, the recommended bet is between €10-€20 per spin or round, depending on the target amount.
        If the player is playing baccarat, they should go ""all-in"" until they reach their target.
·  Activating the Bonus:
    Once the player finishes playing with real money, they need to go to the ""My Bonuses"" section.
    There, they can activate their bonus.
·  Maximum Bet with Bonus Money:
    When using bonus money, the maximum allowed bet is €5.
·  Playing Free Spins:
    After the player has used their bonus money, they must also play any free spins that come with the bonus.
·  Bust Scenario:
    If the player loses all their funds (busts), instruct them to cancel all remaining bonuses and make a new deposit to continue.
·  No Bonus Received:
    If the player does not receive a bonus after following the steps, they should be directed to contact customer support via chat for further assistance.",Main Project CAD,,,,Not started,,"CARD, Mifinity, SKRILL",400.00,440.00,5,45xB,Gbl solutions,10xD
1208960124753943,2024-12-11,,2024-12-11,Rolling slots 2,Untitled section,,,,,,"
·  Deposit Funds:
    Ensure the player makes a deposit into their account to start playing with real money.
·  Playing with Real Money:
    After the deposit is confirmed, the player must first play using real money.
    Betting:
        For slots or table games, the recommended bet is between €10-€20 per spin or round, depending on the target amount.
        If the player is playing baccarat, they should go ""all-in"" until they reach their target.
·  Activating the Bonus:
    Once the player finishes playing with real money, they need to go to the ""My Bonuses"" section.
    There, they can activate their bonus.
·  Maximum Bet with Bonus Money:
    When using bonus money, the maximum allowed bet is €5.
·  Playing Free Spins:
    After the player has used their bonus money, they must also play any free spins that come with the bonus.
·  Bust Scenario:
    If the player loses all their funds (busts), instruct them to cancel all remaining bonuses and make a new deposit to continue.
·  No Bonus Received:
    If the player does not receive a bonus after following the steps, they should be directed to contact customer support via chat for further assistance.",Main Project CAD,,,,Not started,,"CARD, Mifinity, SKRILL",300.00,165.00,5,45xB,Gbl solutions,10xD
1208960124840438,2024-12-11,,2024-12-11,Rolling slots 3,Untitled section,,,,,,"
·  Deposit Funds:
    Ensure the player makes a deposit into their account to start playing with real money.
·  Playing with Real Money:
    After the deposit is confirmed, the player must first play using real money.
    Betting:
        For slots or table games, the recommended bet is between €10-€20 per spin or round, depending on the target amount.
        If the player is playing baccarat, they should go ""all-in"" until they reach their target.
·  Activating the Bonus:
    Once the player finishes playing with real money, they need to go to the ""My Bonuses"" section.
    There, they can activate their bonus.
·  Maximum Bet with Bonus Money:
    When using bonus money, the maximum allowed bet is €5.
·  Playing Free Spins:
    After the player has used their bonus money, they must also play any free spins that come with the bonus.
·  Bust Scenario:
    If the player loses all their funds (busts), instruct them to cancel all remaining bonuses and make a new deposit to continue.
·  No Bonus Received:
    If the player does not receive a bonus after following the steps, they should be directed to contact customer support via chat for further assistance.",Main Project CAD,,,,Not started,,"CARD, Mifinity, SKRILL",300.00,165.00,5,45xB,Gbl solutions,10xD
1208960124840455,2024-12-11,,2024-12-11,Rolling slots 4,Untitled section,,,,,,"
·  Deposit Funds:
    Ensure the player makes a deposit into their account to start playing with real money.
·  Playing with Real Money:
    After the deposit is confirmed, the player must first play using real money.
    Betting:
        For slots or table games, the recommended bet is between €10-€20 per spin or round, depending on the target amount.
        If the player is playing baccarat, they should go ""all-in"" until they reach their target.
·  Activating the Bonus:
    Once the player finishes playing with real money, they need to go to the ""My Bonuses"" section.
    There, they can activate their bonus.
·  Maximum Bet with Bonus Money:
    When using bonus money, the maximum allowed bet is €5.
·  Playing Free Spins:
    After the player has used their bonus money, they must also play any free spins that come with the bonus.
·  Bust Scenario:
    If the player loses all their funds (busts), instruct them to cancel all remaining bonuses and make a new deposit to continue.
·  No Bonus Received:
    If the player does not receive a bonus after following the steps, they should be directed to contact customer support via chat for further assistance.",Main Project CAD,,,,Not started,,"CARD, Mifinity, SKRILL",300.00,180.00,5,45xB,Gbl solutions,10xD
1208960124913898,2024-12-11,,2024-12-11,Spin Line 1,Untitled section,,,,,,"
·  Deposit Funds:
    Ensure the player makes a deposit into their account to start playing with real money.
·  Playing with Real Money:
    After the deposit is confirmed, the player must first play using real money.
    Betting:
        For slots or table games, the recommended bet is between €10-€20 per spin or round, depending on the target amount.
        If the player is playing baccarat, they should go ""all-in"" until they reach their target.
·  Activating the Bonus:
    Once the player finishes playing with real money, they need to go to the ""My Bonuses"" section.
    There, they can activate their bonus.
·  Maximum Bet with Bonus Money:
    When using bonus money, the maximum allowed bet is €5.
·  Playing Free Spins:
    After the player has used their bonus money, they must also play any free spins that come with the bonus.
·  Bust Scenario:
    If the player loses all their funds (busts), instruct them to cancel all remaining bonuses and make a new deposit to continue.
·  No Bonus Received:
    If the player does not receive a bonus after following the steps, they should be directed to contact customer support via chat for further assistance.",Main Project CAD,,,,Not started,,"CARD, Mifinity, SKRILL",300.00,300.00,5,45xB,Gbl solutions,
1208960124913914,2024-12-11,,2024-12-11,Spin Line 2,Untitled section,,,,,,"F
·  Deposit Funds:
    Ensure the player makes a deposit into their account to start playing with real money.
·  Playing with Real Money:
    After the deposit is confirmed, the player must first play using real money.
    Betting:
        For slots or table games, the recommended bet is between €10-€20 per spin or round, depending on the target amount.
        If the player is playing baccarat, they should go ""all-in"" until they reach their target.
·  Activating the Bonus:
    Once the player finishes playing with real money, they need to go to the ""My Bonuses"" section.
    There, they can activate their bonus.
·  Maximum Bet with Bonus Money:
    When using bonus money, the maximum allowed bet is €5.
·  Playing Free Spins:
    After the player has used their bonus money, they must also play any free spins that come with the bonus.
·  Bust Scenario:
    If the player loses all their funds (busts), instruct them to cancel all remaining bonuses and make a new deposit to continue.
·  No Bonus Received:
    If the player does not receive a bonus after following the steps, they should be directed to contact customer support via chat for further assistance.",Main Project CAD,,,,Not started,,"CARD, Mifinity, SKRILL",300.00,240.00,5,45xB,Gbl solutions,
1208960124980392,2024-12-11,,2024-12-11,Spin Line 3,Untitled section,,,,,,"
·  Deposit Funds:
    Ensure the player makes a deposit into their account to start playing with real money.
·  Playing with Real Money:
    After the deposit is confirmed, the player must first play using real money.
    Betting:
        For slots or table games, the recommended bet is between €10-€20 per spin or round, depending on the target amount.
        If the player is playing baccarat, they should go ""all-in"" until they reach their target.
·  Activating the Bonus:
    Once the player finishes playing with real money, they need to go to the ""My Bonuses"" section.
    There, they can activate their bonus.
·  Maximum Bet with Bonus Money:
    When using bonus money, the maximum allowed bet is €5.
·  Playing Free Spins:
    After the player has used their bonus money, they must also play any free spins that come with the bonus.
·  Bust Scenario:
    If the player loses all their funds (busts), instruct them to cancel all remaining bonuses and make a new deposit to continue.
·  No Bonus Received:
    If the player does not receive a bonus after following the steps, they should be directed to contact customer support via chat for further assistance.",Main Project CAD,,,,Not started,,"CARD, Mifinity, SKRILL",200.00,120.00,5,45xB,Gbl solutions,
1208960124980408,2024-12-11,,2024-12-11,Wintopia Welcome Bonus Pack 2,Untitled section,,,,,,"Play with real funds, if u lose activate bonus",Main Project CAD,,,,Not started,,,300.00,300.00,5,50xB,Altcore,10xB
1208960125087977,2024-12-11,,2024-12-11,Wintopia Welcome Bonus Pack 3,Untitled section,,,,,,"Play with real funds, if u lose activate bonus",Main Project CAD,,,,Not started,,,300.00,150.00,5,50xB,Altcore,10xB
1208960065465586,2024-12-11,,2024-12-11,Wintopia Welcome Bonus Pack 4,Untitled section,,,,,,"Play with real funds, if u lose activate bonus",Main Project CAD,,,,Not started,,,300.00,225.00,5,50xB,Altcore,10xB