Task ID,Created At,Completed At,Last Modified,Name,Section/Column,Assignee,Assignee Email,Start Date,Due Date,Tags,Notes,Projects,Parent task,Blocked By (Dependencies),Blocking (Dependencies),Priority,status,Payment,Deposit,Bonus,Max bet,WG,Groups,Max win,Paid with...,Balance,Received
1208952401473965,2024-12-11,,2024-12-11,pledoo,Main project IRE,,,,,,,Main project IRE,,,,Medium,Testing,SKRILL,200.00,200.00,3,,Momus2006 N.V,,,,
1208952401473977,2024-12-11,,2024-12-11,pledoo 2,Main project IRE,,,,,,,Main project IRE,,,,Medium,Testing,SKRILL,200.00,150.00,3,,Momus2006 N.V,,,,
1208952401473981,2024-12-11,,2024-12-11,pledoo 3,Main project IRE,,,,,,,Main project IRE,,,,Medium,Testing,SKRILL,200.00,100.00,3,,Momus2006 N.V,,,,
1208952401473983,2024-12-11,,2024-12-11,pledoo 4,Main project IRE,,,,,,,Main project IRE,,,,Medium,Testing,SKRILL,200.00,300.00,3,,Momus2006 N.V,,,,
1208952399496217,2024-12-11,,2024-12-11,Casoo,Main project IRE,,,,,,—,Main project IRE,,,,High,,SKRILL,200.00,200.00,5,, Fortuna Games N.V,,,,
1208952401473959,2024-12-11,,2024-12-11,Blitzbet,Main project IRE,,,,,,—,Main project IRE,,,,,Testing,SKRILL,200.00,200.00,5,, Fortuna Games N.V,,,,
1208952401473964,2024-12-11,,2024-12-11,Megarich,Main project IRE,,,,,,—,Main project IRE,,,,,Testing,SKRILL,200.00,200.00,5,, Fortuna Games N.V,,,,
1208952401473937,2024-12-11,,2024-12-11,Casoo 2,Main project IRE,,,,,,—,Main project IRE,,,,High,,SKRILL,200.00,200.00,5,, Fortuna Games N.V,,,,
1208952401473943,2024-12-11,,2024-12-11,Casoo 4,Main project IRE,,,,,,—,Main project IRE,,,,High,,SKRILL,200.00,200.00,5,, Fortuna Games N.V,,,,
1208952401473941,2024-12-11,,2024-12-11,Casoo 3,Main project IRE,,,,,,—,Main project IRE,,,,High,,SKRILL,200.00,100.00,5,, Fortuna Games N.V,,,,
1208952399496219,2024-12-11,,2024-12-11,10bet,Main project IRE,,,,,,—,Main project IRE,,,,,,,500.00,250.00,,,,,,,
1208952399496221,2024-12-11,,2024-12-11,Rollblock,Main project IRE,,,,,,—,Main project IRE,,,,,Ready to play,,,,,,Crypto ONLY,,,,
1208952401473798,2024-12-11,,2024-12-11,Bitpanda,Main project IRE,,,,,,—,Main project IRE,,,,,,,,,,,Crypto ONLY,,,,
1208952401473800,2024-12-11,,2024-12-11,Mega dice,Main project IRE,,,,,,—,Main project IRE,,,,,Testing,,,,,,Crypto ONLY,,,,
1208954245216495,2024-12-11,,2024-12-11,Seven casino,Main project IRE,,,,,,—,Main project IRE,,,,,Testing,CRYPTO,500.00,500.00,,10xb,Crypto ONLY,,,,
1208954245216510,2024-12-11,,2024-12-11,Bet US,Main project IRE,,,,,,—,Main project IRE,,,,,,CRYPTO,500.00,1250.00,,,Crypto ONLY,,,,
1208954245316871,2024-12-11,,2024-12-11,Power up,Main project IRE,,,,,,—,Main project IRE,,,,Low,Testing,"CARD, SKRILL CARD, Mifinity",200.00,240.00,5,40xB,Liernin Enterprises LTD,,,,
1208954245316887,2024-12-11,,2024-12-11,5 Gringos,Main project IRE,,,,,,—,Main project IRE,,,,Low,Testing,"CARD, SKRILL CARD, Mifinity",300.00,300.00,5,40xB,Liernin Enterprises LTD,,,,
1208954245392530,2024-12-11,,2024-12-11,Boomerang,Main project IRE,,,,,,—,Main project IRE,,,,Low,Testing,"CARD, SKRILL CARD, Mifinity",200.00,240.00,5,40xB,Liernin Enterprises LTD,,,,
1208954245392546,2024-12-11,,2024-12-11,Power up 2,Main project IRE,,,,,,—,Main project IRE,,,,Low,Testing,"CARD, SKRILL CARD, Mifinity",200.00,240.00,5,40xB,Liernin Enterprises LTD,,,,
1208954245462188,2024-12-11,,2024-12-11,Power up 3,Main project IRE,,,,,,—,Main project IRE,,,,Low,Testing,"CARD, SKRILL CARD, Mifinity",100.00,100.00,5,40xB,Liernin Enterprises LTD,,,,
1208954245462204,2024-12-11,,2024-12-11,Power up 4,Main project IRE,,,,,,—,Main project IRE,,,,Low,Testing,"CARD, SKRILL CARD, Mifinity",200.00,240.00,5,40xB,Liernin Enterprises LTD,,,,
1208954245537982,2024-12-11,,2024-12-11,Energy casino,Main project IRE,,,,,,—,Main project IRE,,,,,Testing,"CARD, SKRILL CARD, Mifinity",200.00,200.00,5,30xDB,Fairload Ltd +Probe Investments,,,,
1208954245537998,2024-12-11,,2024-12-11,LV bet,Main project IRE,,,,,,—,Main project IRE,,,,,Testing,"CARD, SKRILL CARD, Mifinity",200.00,200.00,5,30xDB,Fairload Ltd +Probe Investments,,,,
1208954195676229,2024-12-11,,2024-12-11,Energy casino 1,Main project IRE,,,,,,—,Main project IRE,,,,,Testing,"CARD, SKRILL CARD, Mifinity",200.00,100.00,5,30xDB,Fairload Ltd +Probe Investments,,,,
1208954195676245,2024-12-11,,2024-12-11,Lvbet 2,Main project IRE,,,,,,—,Main project IRE,,,,,Testing,"CARD, SKRILL CARD, Mifinity",200.00,100.00,5,30xDB,Fairload Ltd +Probe Investments,,,,
1208954196718776,2024-12-11,,2024-12-11,,Main project IRE,,,,,,—,Main project IRE,,,,,,,,,,,Next to You B.V,,,,
1208954196718784,2024-12-11,,2024-12-11,Betway,Main project IRE,,,,,,—,Main project IRE,,,,Medium,Testing,"SKRILL CARD, Mifinity, Luxon",50.00,50.00,7.5,30xB,Betway LTD,,,,
1208954196767175,2024-12-11,,2024-12-11,Betway 2,Main project IRE,,,,,,—,Main project IRE,,,,Medium,Testing,"SKRILL CARD, Mifinity, Luxon",50.00,50.00,7.5,30xB,Betway LTD,,,,
1208954196767191,2024-12-11,,2024-12-11,Betway 3,Main project IRE,,,,,,—,Main project IRE,,,,Medium,Testing,"SKRILL CARD, Mifinity, Luxon",50.00,50.00,7.5,30xB,Betway LTD,,,,
1208954196839503,2024-12-11,,2024-12-11,Spinz,Main project IRE,,,,,,—,Main project IRE,,,,Low,Withdraw,"Mifinity, SKRILL",300.00,300.00,,40xB,Rootz,,,,
1208954196839519,2024-12-11,,2024-12-11,,Main project IRE,,,,,,—,Main project IRE,,,,,,,,,,,Njord Ventures BV,,,,
1208954196839527,2024-12-11,,2024-12-11,Zoome 1,Main project IRE,,,,,,"100% bonus, dep 250-350
60-80% bonus dep 200-250
50% bonus dep 150-200",Main project IRE,,,,High,Not started,"CRYPTO, Mifinity, SKRILL",,,5,40xB,DAMA NV,10000,,,
1208954196884976,2024-12-11,,2024-12-11,Zoome 2,Main project IRE,,,,,,"100% bonus, dep 250-350
60-80% bonus dep 200-250
50% bonus dep 150-200",Main project IRE,,,,High,Not started,"CRYPTO, Mifinity, SKRILL",,,5,40xB,DAMA NV,10000,,,
1208954196884989,2024-12-11,,2024-12-11,Zoome 3,Main project IRE,,,,,,"100% bonus, dep 250-350
60-80% bonus dep 200-250
50% bonus dep 150-200",Main project IRE,,,,High,Not started,"CRYPTO, Mifinity, SKRILL",,,5,40xB,DAMA NV,10000,,,
1208954196934349,2024-12-11,,2024-12-11,Zoome 4,Main project IRE,,,,,,"100% bonus, dep 250-350
60-80% bonus dep 200-250
50% bonus dep 150-200",Main project IRE,,,,High,Not started,"CRYPTO, Mifinity, SKRILL",,,5,40xB,DAMA NV,10000,,,
1208954196934362,2024-12-11,,2024-12-11,olympecasino.com,Main project IRE,,,,,,—,Main project IRE,,,,,Testing,,,,,,,,,,
1208952401473993,2024-12-11,,2024-12-11,Red cherry casino ( theonlinecasino) 5x 100+250,Main project IRE,,,,,,—,Main project IRE,,,,,Testing,CRYPTO,,,,,RTG slots,,,,
1208952401474001,2024-12-11,,2024-12-11,grande vegas 100+150 (capitaltoday),Main project IRE,,,,,,—,Main project IRE,,,,,Testing,CRYPTO,,,,,RTG slots,,,,
1208952401474005,2024-12-11,,2024-12-11,jackpot capital 100+250 (capitaltoday),Main project IRE,,,,,,—,Main project IRE,,,,,Testing,CRYPTO,,,,,RTG slots,,,,
1208952401474009,2024-12-11,,2024-12-11,Inetbet (income network) 200%,Main project IRE,,,,,,—,Main project IRE,,,,,Testing,CRYPTO,,,,,RTG slots,,,,
1208952401474011,2024-12-11,,2024-12-11,Kudos (income network) 200%,Main project IRE,,,,,,—,Main project IRE,,,,,Testing,CRYPTO,,,,,RTG slots,,,,
1208952401473999,2024-12-11,,2024-12-11,Grande vegas 100+250 (capitaltoday),Main project IRE,,,,,,—,Main project IRE,,,,,Testing,CRYPTO,,,,,RTG slots,,,,
1208952401474007,2024-12-11,,2024-12-11,Everygame 5x,Main project IRE,,,,,,—,Main project IRE,,,,,Testing,CRYPTO,,,,,RTG slots,,,,
1208952401474003,2024-12-11,,2024-12-11,Slotastic 100+250  (capitaltoday),Main project IRE,,,,,,—,Main project IRE,,,,,Testing,CRYPTO,,,,,RTG slots,,,,
1208952401473997,2024-12-11,,2024-12-11,Tripple seven ( theonlinecasino) 5x 100+250,Main project IRE,,,,,,—,Main project IRE,,,,,Testing,CRYPTO,,,,,RTG slots,,,,
1208952401473995,2024-12-11,,2024-12-11,Lady luck ( theonlinecasino) 5x 100+250,Main project IRE,,,,,,—,Main project IRE,,,,,Testing,CRYPTO,,,,,RTG slots,,,,
1208952401473985,2024-12-11,,2024-12-11,Welle casino,Main project IRE,,,,,,—,Main project IRE,,,,,Testing,,,,,,,,,,
1208954196934370,2024-12-11,,2024-12-11,Wintopia Welcome Bonus Pack 1,Main project IRE,,,,,,"Play with real funds, if u lose activate bonus",Main project IRE,,,,High,Testing,"CARD, Mifinity, SKRILL",300.00,300.00,5,50xB,Altcore,10xB,,,
1208954197259273,2024-12-11,,2024-12-11,Winnerz,Main project IRE,,,,,,—,Main project IRE,,,,High,Testing,SKRILL,200.00,200.00,3,15xdb,Hitz Gaming,,Skrill,,
1208954197259290,2024-12-11,,2024-12-11,Trickz,Main project IRE,,,,,,—,Main project IRE,,,,High,Testing,SKRILL,200.00,200.00,3,15xdb,Hitz Gaming,,Skrill,,
1208954197318691,2024-12-11,,2024-12-11,Wisho,Main project IRE,,,,,,—,Main project IRE,,,,High,Testing,SKRILL,,,,,Hitz Gaming,,Skrill,,
1208952401473950,2024-12-11,,2024-12-11,Celebrino ,Main project IRE,,,,,,—,Main project IRE,,,,High,Testing,SKRILL,100.00,200.00,,,Hitz Gaming,,Skrill,,
1208954197318702,2024-12-11,,2024-12-11,Blaze casino Reload,Main project IRE,,,,,,—,Main project IRE,,,,,Not started,,500.00,500.00,5,35xB,Prolific Trade,,,,
1208954197318717,2024-12-11,,2024-12-11,Roman casino 3,Main project IRE,,,,,,—,Main project IRE,,,,High,Not started,"CARD, SKRILL CARD",150.00,150.00,,,DUX,,,,
1208954197375553,2024-12-11,,2024-12-11,Roman casino 2,Main project IRE,,,,,,"    Deposit 200, 220,250,270",Main project IRE,,,,High,Not started,"CARD, SKRILL CARD",,,,,DUX,,,,
1208952401473911,2024-12-11,,2024-12-11,Felixspin 2,Main project IRE,,,,,,"    Deposit 200, 220,250,270",Main project IRE,,,,High,Not started,"CARD, SKRILL CARD",,,,,DUX,,,,
1208952401473913,2024-12-11,,2024-12-11,Felixspin 3,Main project IRE,,,,,,"    Deposit 200, 220,250,270",Main project IRE,,,,High,Not started,"CARD, SKRILL CARD",,,,,DUX,,,,
1208954197375563,2024-12-11,,2024-12-11,Roman casino 1,Main project IRE,,,,,,"—
·  Deposit and Bonus Selection:
    Ensure the player selects the bonus during the deposit process.
    If the player does not receive the bonus, they must immediately contact customer support and provide a screenshot of the email containing the bonus offer.
·  Highroller Bonus:
    For the Highroller Bonus, the player must enter the bonus code ""50HIGH"" during the deposit.
    The deposit amount must be between €300-€500.
 
·  Real Money vs Bonus Money Play:
    Although real money (RM) and bonus money are tracked separately, they appear together in the player's balance.
    The player must first play using real money on games like:
        Roulette, Baccarat, Blackjack, Lines, Mines, and sometimes slots with higher bets.
    After using real money, the player can switch to playing slots with a maximum bet of €5.
        The specific bet should be adjusted to €2/€3/€4/€5, depending on the target.
·  Max Withdrawal (WD) Limit:
    Be aware that these bonuses come with a maximum withdrawal limit of 10x the bonus amount.
    The player should aim to hit 70% of the target to meet wagering requirements.
    If the player exceeds the allowable winnings, they should immediately notify a supervisor.
·  Bonus Cancellation:
    If the player has less than €0.20 in their bonus balance, they should cancel the bonus.
·  System Alerts for Betting Limits:
    If the player attempts to place a higher bet than allowed with bonus money, the system will alert them to stop.",Main project IRE,,,,High,Not started,"CARD, SKRILL CARD",150.00,150.00,,,DUX,,,,
1208952401473909,2024-12-11,,2024-12-11,Felixspin 1,Main project IRE,,,,,,"—
·  Deposit and Bonus Selection:
    Ensure the player selects the bonus during the deposit process.
    If the player does not receive the bonus, they must immediately contact customer support and provide a screenshot of the email containing the bonus offer.
·  Highroller Bonus:
    For the Highroller Bonus, the player must enter the bonus code ""50HIGH"" during the deposit.
    The deposit amount must be between €300-€500.
 
·  Real Money vs Bonus Money Play:
    Although real money (RM) and bonus money are tracked separately, they appear together in the player's balance.
    The player must first play using real money on games like:
        Roulette, Baccarat, Blackjack, Lines, Mines, and sometimes slots with higher bets.
    After using real money, the player can switch to playing slots with a maximum bet of €5.
        The specific bet should be adjusted to €2/€3/€4/€5, depending on the target.
·  Max Withdrawal (WD) Limit:
    Be aware that these bonuses come with a maximum withdrawal limit of 10x the bonus amount.
    The player should aim to hit 70% of the target to meet wagering requirements.
    If the player exceeds the allowable winnings, they should immediately notify a supervisor.
·  Bonus Cancellation:
    If the player has less than €0.20 in their bonus balance, they should cancel the bonus.
·  System Alerts for Betting Limits:
    If the player attempts to place a higher bet than allowed with bonus money, the system will alert them to stop.",Main project IRE,,,,High,Not started,"CARD, SKRILL CARD",150.00,150.00,,,DUX,,,,
1208952401473915,2024-12-11,,2024-12-11,Savaspin 1,Main project IRE,,,,,,"—
·  Deposit and Bonus Selection:
    Ensure the player selects the bonus during the deposit process.
    If the player does not receive the bonus, they must immediately contact customer support and provide a screenshot of the email containing the bonus offer.
·  Highroller Bonus:
    For the Highroller Bonus, the player must enter the bonus code ""50HIGH"" during the deposit.
    The deposit amount must be between €300-€500.
 
·  Real Money vs Bonus Money Play:
    Although real money (RM) and bonus money are tracked separately, they appear together in the player's balance.
    The player must first play using real money on games like:
        Roulette, Baccarat, Blackjack, Lines, Mines, and sometimes slots with higher bets.
    After using real money, the player can switch to playing slots with a maximum bet of €5.
        The specific bet should be adjusted to €2/€3/€4/€5, depending on the target.
·  Max Withdrawal (WD) Limit:
    Be aware that these bonuses come with a maximum withdrawal limit of 10x the bonus amount.
    The player should aim to hit 70% of the target to meet wagering requirements.
    If the player exceeds the allowable winnings, they should immediately notify a supervisor.
·  Bonus Cancellation:
    If the player has less than €0.20 in their bonus balance, they should cancel the bonus.
·  System Alerts for Betting Limits:
    If the player attempts to place a higher bet than allowed with bonus money, the system will alert them to stop.",Main project IRE,,,,High,Not started,"CARD, SKRILL CARD",150.00,150.00,,,DUX,,,,
1208952401473987,2024-12-11,,2024-12-11,Lira spin,Main project IRE,,,,,,"—
·  Deposit and Bonus Selection:
    Ensure the player selects the bonus during the deposit process.
    If the player does not receive the bonus, they must immediately contact customer support and provide a screenshot of the email containing the bonus offer.
·  Highroller Bonus:
    For the Highroller Bonus, the player must enter the bonus code ""50HIGH"" during the deposit.
    The deposit amount must be between €300-€500.
 
·  Real Money vs Bonus Money Play:
    Although real money (RM) and bonus money are tracked separately, they appear together in the player's balance.
    The player must first play using real money on games like:
        Roulette, Baccarat, Blackjack, Lines, Mines, and sometimes slots with higher bets.
    After using real money, the player can switch to playing slots with a maximum bet of €5.
        The specific bet should be adjusted to €2/€3/€4/€5, depending on the target.
·  Max Withdrawal (WD) Limit:
    Be aware that these bonuses come with a maximum withdrawal limit of 10x the bonus amount.
    The player should aim to hit 70% of the target to meet wagering requirements.
    If the player exceeds the allowable winnings, they should immediately notify a supervisor.
·  Bonus Cancellation:
    If the player has less than €0.20 in their bonus balance, they should cancel the bonus.
·  System Alerts for Betting Limits:
    If the player attempts to place a higher bet than allowed with bonus money, the system will alert them to stop.",Main project IRE,,,,High,Not started,"CARD, SKRILL CARD",150.00,150.00,,,DUX,,,,
1208952401473989,2024-12-11,,2024-12-11,Lira spin 2,Main project IRE,,,,,,"—
·  Deposit and Bonus Selection:
    Ensure the player selects the bonus during the deposit process.
    If the player does not receive the bonus, they must immediately contact customer support and provide a screenshot of the email containing the bonus offer.
·  Highroller Bonus:
    For the Highroller Bonus, the player must enter the bonus code ""50HIGH"" during the deposit.
    The deposit amount must be between €300-€500.
 
·  Real Money vs Bonus Money Play:
    Although real money (RM) and bonus money are tracked separately, they appear together in the player's balance.
    The player must first play using real money on games like:
        Roulette, Baccarat, Blackjack, Lines, Mines, and sometimes slots with higher bets.
    After using real money, the player can switch to playing slots with a maximum bet of €5.
        The specific bet should be adjusted to €2/€3/€4/€5, depending on the target.
·  Max Withdrawal (WD) Limit:
    Be aware that these bonuses come with a maximum withdrawal limit of 10x the bonus amount.
    The player should aim to hit 70% of the target to meet wagering requirements.
    If the player exceeds the allowable winnings, they should immediately notify a supervisor.
·  Bonus Cancellation:
    If the player has less than €0.20 in their bonus balance, they should cancel the bonus.
·  System Alerts for Betting Limits:
    If the player attempts to place a higher bet than allowed with bonus money, the system will alert them to stop.",Main project IRE,,,,High,Not started,"CARD, SKRILL CARD",150.00,150.00,,,DUX,,,,
1208952401473991,2024-12-11,,2024-12-11,Lira spin 3,Main project IRE,,,,,,"—
·  Deposit and Bonus Selection:
    Ensure the player selects the bonus during the deposit process.
    If the player does not receive the bonus, they must immediately contact customer support and provide a screenshot of the email containing the bonus offer.
·  Highroller Bonus:
    For the Highroller Bonus, the player must enter the bonus code ""50HIGH"" during the deposit.
    The deposit amount must be between €300-€500.
 
·  Real Money vs Bonus Money Play:
    Although real money (RM) and bonus money are tracked separately, they appear together in the player's balance.
    The player must first play using real money on games like:
        Roulette, Baccarat, Blackjack, Lines, Mines, and sometimes slots with higher bets.
    After using real money, the player can switch to playing slots with a maximum bet of €5.
        The specific bet should be adjusted to €2/€3/€4/€5, depending on the target.
·  Max Withdrawal (WD) Limit:
    Be aware that these bonuses come with a maximum withdrawal limit of 10x the bonus amount.
    The player should aim to hit 70% of the target to meet wagering requirements.
    If the player exceeds the allowable winnings, they should immediately notify a supervisor.
·  Bonus Cancellation:
    If the player has less than €0.20 in their bonus balance, they should cancel the bonus.
·  System Alerts for Betting Limits:
    If the player attempts to place a higher bet than allowed with bonus money, the system will alert them to stop.",Main project IRE,,,,High,Not started,"CARD, SKRILL CARD",150.00,150.00,,,DUX,,,,
1208952401473917,2024-12-11,,2024-12-11,Savaspin 3,Main project IRE,,,,,,"—
·  Deposit and Bonus Selection:
    Ensure the player selects the bonus during the deposit process.
    If the player does not receive the bonus, they must immediately contact customer support and provide a screenshot of the email containing the bonus offer.
·  Highroller Bonus:
    For the Highroller Bonus, the player must enter the bonus code ""50HIGH"" during the deposit.
    The deposit amount must be between €300-€500.
 
·  Real Money vs Bonus Money Play:
    Although real money (RM) and bonus money are tracked separately, they appear together in the player's balance.
    The player must first play using real money on games like:
        Roulette, Baccarat, Blackjack, Lines, Mines, and sometimes slots with higher bets.
    After using real money, the player can switch to playing slots with a maximum bet of €5.
        The specific bet should be adjusted to €2/€3/€4/€5, depending on the target.
·  Max Withdrawal (WD) Limit:
    Be aware that these bonuses come with a maximum withdrawal limit of 10x the bonus amount.
    The player should aim to hit 70% of the target to meet wagering requirements.
    If the player exceeds the allowable winnings, they should immediately notify a supervisor.
·  Bonus Cancellation:
    If the player has less than €0.20 in their bonus balance, they should cancel the bonus.
·  System Alerts for Betting Limits:
    If the player attempts to place a higher bet than allowed with bonus money, the system will alert them to stop.",Main project IRE,,,,High,Not started,"CARD, SKRILL CARD",150.00,150.00,,,DUX,,,,
1208954197432102,2024-12-11,,2024-12-11,Evolve casino 1,Main project IRE,,,,,,"—Try to hit 10x deposit on lines, mines, coins with bet 2-3.
Deposit 100 to 150.",Main project IRE,,,,,Testing,CARD,,,5,25xDB,Mountberg BV,,,,
1208952401473954,2024-12-11,,2024-12-11,Stakes.com,Main project IRE,,,,,,"—Try to hit 10x deposit on lines, mines, coins with bet 2-3.
Deposit 100 to 150.",Main project IRE,,,,High,Ready to play,CARD,300.00,300.00,5,25xDB,Mountberg BV,,,,
1208954197432114,2024-12-11,,2024-12-11,Evolve casino 2,Main project IRE,,,,,,"—Try to hit 10x deposit on lines, mines, coins with bet 2-3.
Deposit 100 to 150.",Main project IRE,,,,,Testing,CARD,,,5,25xDB,Mountberg BV,,,,
1208954197432126,2024-12-11,,2024-12-11,Evolve casino 3,Main project IRE,,,,,,"—Try to hit 10x deposit on lines, mines, coins with bet 2-3.
Deposit 100 to 150.",Main project IRE,,,,,Testing,CARD,,,5,25xDB,Mountberg BV,,,,
1208954197490524,2024-12-11,,2024-12-11,bitcasino.io,Main project IRE,,,,,,—,Main project IRE,,,,High,,CRYPTO,500.00,500.00,5,10xb,Crypto ONLY,,,,
1208954197490540,2024-12-11,,2024-12-11,PinoCasino,Main project IRE,,,,,,—,Main project IRE,,,,,,,,,,,n1 interactive,,,,
1208954197490548,2024-12-11,,2024-12-11,LazyBar 1,Main project IRE,,,,,,"—·  Deposit and Bonus Selection:
    Ensure the player selects the bonus during the deposit process.
    If the player does not receive the bonus, they must immediately contact customer support and provide a screenshot of the email containing the bonus offer.
·  Highroller Bonus:
    For the Highroller Bonus, the player must enter the bonus code ""50HIGH"" during the deposit.
    The deposit amount must be between €300-€500.
 
·  Real Money vs Bonus Money Play:
    Although real money (RM) and bonus money are tracked separately, they appear together in the player's balance.
    The player must first play using real money on games like:
        Roulette, Baccarat, Blackjack, Lines, Mines, and sometimes slots with higher bets.
    After using real money, the player can switch to playing slots with a maximum bet of €5.
        The specific bet should be adjusted to €2/€3/€4/€5, depending on the target.
·  Max Withdrawal (WD) Limit:
    Be aware that these bonuses come with a maximum withdrawal limit of 10x the bonus amount.
    The player should aim to hit 70% of the target to meet wagering requirements.
    If the player exceeds the allowable winnings, they should immediately notify a supervisor.
·  Bonus Cancellation:
    If the player has less than €0.20 in their bonus balance, they should cancel the bonus.
·  System Alerts for Betting Limits:
    If the player attempts to place a higher bet than allowed with bonus money, the system will alert them to stop.",Main project IRE,,,,High,Not started,,150.00,150.00,5,35xDB,DUX,10xB,,,
1208954197560649,2024-12-11,,2024-12-11,LazyBar 3,Main project IRE,,,,,,—,Main project IRE,,,,High,Not started,,150.00,150.00,5,35xDB,DUX,10xB,,,
1208954197560665,2024-12-11,,2024-12-11,LazyBar 2,Main project IRE,,,,,,—,Main project IRE,,,,High,Not started,,,,5,35xDB,DUX,10xB,,,
1208954197613596,2024-12-11,,2024-12-11,Coolzino 1,Main project IRE,,,,,,"·  Deposit and Bonus Selection:
    Ensure the player selects the bonus during the deposit process.
    If the player does not receive the bonus, they must immediately contact customer support and provide a screenshot of the email containing the bonus offer.
·  Highroller Bonus:
    For the Highroller Bonus, the player must enter the bonus code ""50HIGH"" during the deposit.
    The deposit amount must be between €300-€500.
 
·  Real Money vs Bonus Money Play:
    Although real money (RM) and bonus money are tracked separately, they appear together in the player's balance.
    The player must first play using real money on games like:
        Roulette, Baccarat, Blackjack, Lines, Mines, and sometimes slots with higher bets.
    After using real money, the player can switch to playing slots with a maximum bet of €5.
        The specific bet should be adjusted to €2/€3/€4/€5, depending on the target.
·  Max Withdrawal (WD) Limit:
    Be aware that these bonuses come with a maximum withdrawal limit of 10x the bonus amount.
    The player should aim to hit 70% of the target to meet wagering requirements.
    If the player exceeds the allowable winnings, they should immediately notify a supervisor.
·  Bonus Cancellation:
    If the player has less than €0.20 in their bonus balance, they should cancel the bonus.
·  System Alerts for Betting Limits:
    If the player attempts to place a higher bet than allowed with bonus money, the system will alert them to stop.",Main project IRE,,,,High,Not started,,150.00,150.00,5,35xDB,DUX,10xB,,,
1208954139543949,2024-12-11,,2024-12-11,Coolzino 4 Highroller,Main project IRE,,,,,,—,Main project IRE,,,,High,Not started,,150.00,150.00,5,35xDB,DUX,10xB,,,
1208954141045728,2024-12-11,,2024-12-11,Coolzino 3,Main project IRE,,,,,,—,Main project IRE,,,,High,Not started,,150.00,150.00,5,35xDB,DUX,10xB,,,
1208954141045744,2024-12-11,,2024-12-11,Coolzino 2,Main project IRE,,,,,,—,Main project IRE,,,,High,Not started,,,,5,35xDB,DUX,10xB,,,
1208954141107052,2024-12-11,,2024-12-11,Wild Sultan,Main project IRE,,,,,,—,Main project IRE,,,,,Testing,"CARD, CRYPTO, SKRILL CARD",300.00,300.00,,35xB,Next to You B.V,,,,
1208954141107067,2024-12-11,,2024-12-11,Sakura slots,Main project IRE,,,,,,—,Main project IRE,,,,,Testing,"CARD, CRYPTO, SKRILL CARD",300.00,300.00,,35xB,Next to You B.V,,,,
1208954141160909,2024-12-11,,2024-12-11,Omnislots,Main project IRE,,,,,,—,Main project IRE,,,,,STOP,,,,5,45xB,,,,,
1208958316027555,2024-12-11,,2024-12-11,Slotbox,Main project IRE,,,,,,—,Main project IRE,,,,,STOP,,,,5,45xB,,,,,
1208954141160919,2024-12-11,,2024-12-11, Stake.com 200% Code rosh,Main project IRE,,,,,,—,Main project IRE,,,,,,CRYPTO,500.00,1000.00,,40xB,Crypto ONLY,,,,
1208954141160934,2024-12-11,,2024-12-11,20bets,Main project IRE,,,,,,—,Main project IRE,,,,,Not started,SKRILL,300.00,300.00,5,30xDB,Santeda Int,15k,,,
1208954141227322,2024-12-11,,2024-12-11,Velobet,Main project IRE,,,,,,—,Main project IRE,,,,Medium,Not started,SKRILL,350.00,500.00,5,30xDB,Santeda Int,15k,,,
1208954141227339,2024-12-11,,2024-12-11,Velobet 1,Main project IRE,,,,,,—,Main project IRE,,,,,Not started,SKRILL,300.00,300.00,5,30xDB,Santeda Int,15k,,,
1208954141282892,2024-12-11,,2024-12-11,Velobet 2,Main project IRE,,,,,,—,Main project IRE,,,,,Not started,SKRILL,300.00,300.00,5,30xDB,Santeda Int,15k,,,
1208954141350122,2024-12-11,,2024-12-11,CasinoRex 1,Main project IRE,,,,,,—,Main project IRE,,,,,Not started,SKRILL,200.00,200.00,5,50xB,n1 interactive,,,,
1208954141350138,2024-12-11,,2024-12-11,CasinoRex 2,Main project IRE,,,,,,—,Main project IRE,,,,,Not started,SKRILL,200.00,100.00,5,50xB,n1 interactive,,,,
1208954141407291,2024-12-11,,2024-12-11,CasinoRex 3,Main project IRE,,,,,,—,Main project IRE,,,,,Not started,SKRILL,200.00,100.00,5,50xB,n1 interactive,,,,
1208954247189438,2024-12-11,,2024-12-11,CasinoRex 4,Main project IRE,,,,,,—,Main project IRE,,,,,Not started,SKRILL,200.00,100.00,5,50xB,n1 interactive,,,,
1208954247189454,2024-12-11,,2024-12-11,CasinoRex 5,Main project IRE,,,,,,—,Main project IRE,,,,,Not started,SKRILL,200.00,100.00,5,50xB,n1 interactive,,,,
1208954247530506,2024-12-11,,2024-12-11,Casino Action 5,Main project IRE,,,,,,—,Main project IRE,,,,High,Not started,SKRILL,150.00,150.00,<25% Bonus,30xB,Rewards,,,,
1208954247530522,2024-12-11,,2024-12-11,Casino Action 6 reload 40%,Main project IRE,,,,,,—,Main project IRE,,,,High,Not started,SKRILL,150.00,150.00,<25% Bonus,30xB,Rewards,,,,
1208954247570056,2024-12-11,,2024-12-11,Casino Action 4,Main project IRE,,,,,,—,Main project IRE,,,,High,Not started,SKRILL,300.00,150.00,<25% Bonus,30xB,Rewards,,,,
1208954247570072,2024-12-11,,2024-12-11,Casino Action 3,Main project IRE,,,,,,—,Main project IRE,,,,High,Not started,SKRILL,50.00,12.00,<25% Bonus,30xB,Rewards,,,,
1208954247639260,2024-12-11,,2024-12-11,Casino Action 2,Main project IRE,,,,,,—,Main project IRE,,,,High,Not started,SKRILL,50.00,25.00,<25% Bonus,,Rewards,,,,
1208954247639275,2024-12-11,,2024-12-11,Casino Action 1,Main project IRE,,,,,,"Play break da bank megaways, Break da bank. Pretty kitty, immortal romance, fish party. Dragonz, Terminator 2 with bet 15-25% of bonus amount",Main project IRE,,,,High,Not started,SKRILL,50.00,50.00,<25% Bonus,,Rewards,,,,
1208954247694845,2024-12-11,,2024-12-11,CasinoIN,Main project IRE,,,,,,Dep 250-400,Main project IRE,,,,,Testing,SKRILL CARD,,,,35xD,Bm Solutions Limited,10xB,,,
1208954247694857,2024-12-11,,2024-12-11,Betmaster.ie,Main project IRE,,,,,,Dep 250-400,Main project IRE,,,,,Testing,SKRILL CARD,,,,35xD,Bm Solutions Limited,10xB,,,
1208954247694869,2024-12-11,,2024-12-11,Axwin.ie,Main project IRE,,,,,,Dep 250-400,Main project IRE,,,,,Testing,SKRILL CARD,,,,35xD,Bm Solutions Limited,10xB,,,
1208954247736139,2024-12-11,,2024-12-11,Fresh bet 1,Main project IRE,,,,,,"·  Bonus Activation:
    The player must activate the bonus in the Bonus section of their wallet before playing.
·  Betting Limit:
    The maximum allowed bet when playing with the bonus is 4.
·  No Play with Real Money Before Bonus Activation:
    The player cannot play with real money before the bonus is activated. Ensure the bonus is active before any gameplay starts.",Main project IRE,,,,,Not started,SKRILL,,,5,30xDB,Santeda Int,,Skrill,,
1208954247736152,2024-12-11,,2024-12-11,Fresh bet 2,Main project IRE,,,,,,"·  Bonus Activation:
    The player must activate the bonus in the Bonus section of their wallet before playing.
·  Betting Limit:
    The maximum allowed bet when playing with the bonus is 4.
·  No Play with Real Money Before Bonus Activation:
    The player cannot play with real money before the bonus is activated. Ensure the bonus is active before any gameplay starts.",Main project IRE,,,,,Not started,SKRILL,100.00,50.00,5,30xDB,Santeda Int,,Skrill,,
1208954247787901,2024-12-11,,2024-12-11,Fresh bet 3,Main project IRE,,,,,,"·  Bonus Activation:
    The player must activate the bonus in the Bonus section of their wallet before playing.
·  Betting Limit:
    The maximum allowed bet when playing with the bonus is 4.
·  No Play with Real Money Before Bonus Activation:
    The player cannot play with real money before the bonus is activated. Ensure the bonus is active before any gameplay starts.",Main project IRE,,,,,Not started,SKRILL,,,5,30xDB,Santeda Int,,Skrill,,
1208954247787914,2024-12-11,,2024-12-11,7 Sultans 1,Main project IRE,,,,,,—,Main project IRE,,,,,Not started,"CARD, SKRILL",20.00,20.00,8 or 0.5 per line,50xB,Fortune Lounge 1,6xB,,,
1208954199222019,2024-12-11,,2024-12-11,7 Sultans 2,Main project IRE,,,,,,—,Main project IRE,,,,,Not started,"CARD, SKRILL",20.00,20.00,8 or 0.5 per line,50xB,Fortune Lounge 1,6xB,,,
1208954199222036,2024-12-11,,2024-12-11,7 Sultans 3 NO BONUS,Main project IRE,,,,,,—,Main project IRE,,,,,Not started,"CARD, SKRILL",,,<30% bonus,50xB,Fortune Lounge 1,,,,
1208954199222048,2024-12-11,,2024-12-11,Vave.com,Main project IRE,,,,,,"Tech solution group
    Deposit and bonus are separated, you can early withdraw
    Target for EW is 7xD
    Max bet is 5 until bonus is canceled",Main project IRE,,,,,Testing,CRYPTO,,,5,40xB,Crypto ONLY,,,,
1208954199302244,2024-12-11,,2024-12-11,Casinomega,Main project IRE,,,,,,"If money is separated that means EW, if not its sticky
First dep, after purchase bonus
Max win 10xB
Play roulete ( normal, NOT live roulette), target is 8*Deposit on roulete
Hacksaw: lines, coins, mines same target",Main project IRE,,,,,Testing,SKRILL,200.00,200.00,none,30xB,Continental Solutions,10xD,,,
1208954199302261,2024-12-11,,2024-12-11,Alexander,Main project IRE,,,,,,"    Deposit:
        Use Skrill (specifically the Alexandar Casino Skrill card) to make a deposit.
    Play with Real Money (RM):
        Start playing with Real Money balance:
            Slot games: Place higher bets of €10/€15/€20, depending on your deposit amount.
            Table games:
                Roulette: Place bets of €50/€75, depending on your target.
                Baccarat: Go all-in until you reach your target.
    Check Bonus Activation:
        If the bonus is not active after RM play:
            Activate the bonus manually.
    Play with Bonus Money (BM):
        After activating the bonus, switch to playing with Bonus Money balance.
        Play slot games with a maximum bet of €5.",Main project IRE,,,,High,Not started,"CARD, CRYPTO, USDT",100.00,100.00,5,35xDB,MTM,,,,
1208954199359570,2024-12-11,,2024-12-11,Barz,Main project IRE,,,,,,"First Deposit with Luxon:
    Ensure the player makes their first deposit using Luxon to claim the first deposit bonus.
·  Reloaded Bonus with Skrill:
    For reloaded bonuses, the player should make deposits using Skrill to activate the bonus.
    max bet <20% bonus
·  Maximum Bet for First Deposit Bonus:
    When using the first deposit bonus, the maximum allowed bet is €5.",Main project IRE,,,,High,Not started,"CARD, Luxon",250.00,500.00,5,40xDB,WHT,,,,
1208954199359586,2024-12-11,,2024-12-11,Blaze Casino,Main project IRE,,,,,,"Bonus Confirmation During Registration:
    When a player registers, ensure they confirm the casino bonus during the sign-up process.
·  Bonus Selection During Deposit:
    When making a deposit, the player must select the bonus again to ensure it's applied to their account.
·  Real Money (RM) vs Bonus Money (BM):
    Real money and bonus money are tracked separately, but the player can see both in their balance.
USING real money
        Roulette
        Baccarat
        Slots (with higher bets)
 
·  Using Bonus Money:
    Bonus money can only be played on BLAZE Originals games, such as:
        Coins, Mines, and Tower games
    The maximum bet allowed with bonus money is €5.",Main project IRE,,,,High,Not started,"CARD, SKRILL",200.00,200.00,5,35xB,Prolific Trade,,,,
1208954199425513,2024-12-11,,2024-12-11,Magical Spin,Main project IRE,,,,,,'-150% up to 100,Main project IRE,,,,,STOP,"CARD, SKRILL, WISE",,,7.5,30xDB,Betrust Entertainment B.V.,,,,
1208954199425525,2024-12-11,,2024-12-11,Magical Spin 2,Main project IRE,,,,,,'-150% up to 100,Main project IRE,,,,,STOP,"CARD, SKRILL, WISE",,,7.5,30xDB,Betrust Entertainment B.V.,,,,
1208954199496519,2024-12-11,,2024-12-11,Octo Casino 1,Main project IRE,,,,,,—,Main project IRE,,,,,STOP,SKRILL,150.00,150.00,5,40xB,n1 interactive,,Skrill,,
1208954199496536,2024-12-11,,2024-12-11,Octo Casino 2,Main project IRE,,,,,,—,Main project IRE,,,,,STOP,SKRILL,200.00,150.00,5,40xB,n1 interactive,,Skrill,,
1208954199558042,2024-12-11,,2024-12-11,Octo Casino 3,Main project IRE,,,,,,—,Main project IRE,,,,,STOP,SKRILL,200.00,200.00,5,40xB,n1 interactive,,Skrill,,
1208954199558059,2024-12-11,,2024-12-11,DuxCasino 1,Main project IRE,,,,,,—,Main project IRE,,,,,STOP,SKRILL,150.00,150.00,5,40xB,n1 interactive,,,,
1208954199620105,2024-12-11,,2024-12-11,DuxCasino 2,Main project IRE,,,,,,—,Main project IRE,,,,,STOP,SKRILL,200.00,150.00,5,40xB,n1 interactive,,,,
1208954247386574,2024-12-11,,2024-12-11,DuxCasino 3,Main project IRE,,,,,,—,Main project IRE,,,,,STOP,SKRILL,200.00,200.00,5,40xB,n1 interactive,,,,
1208954248778393,2024-12-11,,2024-12-11,Casino Extra 1,Main project IRE,,,,,,"    Deposit:
        Use Skrill (specifically the Alexandar Casino Skrill card) to make a deposit.
    Play with Real Money (RM):
        Start playing with Real Money balance:
            Slot games: Place higher bets of €10/€15/€20, depending on your deposit amount.
            Table games:
                Roulette: Place bets of €50/€75, depending on your target.
                Baccarat: Go all-in until you reach your target.
    Check Bonus Activation:
        If the bonus is not active after RM play:
            Activate the bonus manually.
    Play with Bonus Money (BM):
        After activating the bonus, switch to playing with Bonus Money balance.
        Play slot games with a maximum bet of €5.",Main project IRE,,,,High,Not started,"CARD, CRYPTO, Mifinity, SKRILL, USDT",50.00,50.00,5,35xDB,MTM,,,,
1208952401474035,2024-12-11,,2024-12-11,Casino Extra 2,Main project IRE,,,,,,"    Deposit:
        Use Skrill (specifically the Alexandar Casino Skrill card) to make a deposit.
    Play with Real Money (RM):
        Start playing with Real Money balance:
            Slot games: Place higher bets of €10/€15/€20, depending on your deposit amount.
            Table games:
                Roulette: Place bets of €50/€75, depending on your target.
                Baccarat: Go all-in until you reach your target.
    Check Bonus Activation:
        If the bonus is not active after RM play:
            Activate the bonus manually.
    Play with Bonus Money (BM):
        After activating the bonus, switch to playing with Bonus Money balance.
        Play slot games with a maximum bet of €5.",Main project IRE,,,,High,Not started,"CARD, CRYPTO, Mifinity, SKRILL, USDT",50.00,50.00,5,35xDB,MTM,,,,
1208954248778409,2024-12-11,,2024-12-11,Casino Tropez,Main project IRE,,,,,,"Reloads are 100% to 500 without max bet
Dep click on link on your email, made a dep with Luxon , cancel free spin pop up message after deposit, if bonus not added contact support
Play 
Target 6xDB 
To check wagering CASHIER>Bonus History

Games, Cash it, live money drop,",Main project IRE,,,,,NO Bonus!,CARD,100.00,100.00,less <10,,UNIVERSE,,,,
1208954248870947,2024-12-11,,2024-12-11,Casumo,Main project IRE,,,,,,"—·  Bonus Selection During Deposit:
    When making a deposit, the player must select the bonus to ensure it's applied to their account.
·  Playing with Bonus:
    After the deposit, the player should play slots with a maximum bet of €5.
·  Bonus Not Received:
    If the player does not receive the bonus after making a deposit, they should immediately contact customer support for assistance.",Main project IRE,,,,High,Not started,SKRILL,300.00,300.00,5 / 0.5,30xDB,MNS,,,,
1208954248870963,2024-12-11,,2024-12-11,Conquestador 1,Main project IRE,,,,,,"    Pick the correct bonus
    If there is a maximum withdraw rule, play the bonus with roulette max bonus is 20% x B
    If NO max withdraw, play roulette 25%-40% of the bonus and slots with bet 10-15% of Bonus: Epic Joker, Cowboys gold, book of the fallen, champions of Rome, Viking clash
    Note ( if after the wager the amount is higher than max win amount( 10xB ) ask us for help :)",Main project IRE,,,,,Banned,SKRILL,200.00,300.00,none,25xDB,MIL,10xB,,,
1208954248931926,2024-12-11,,2024-12-11,Conquestador 2,Main project IRE,,,,,,"    Pick the correct bonus
    If there is a maximum withdraw rule, play the bonus with roulette max bonus is 20% x B
    If NO max withdraw, play roulette 25%-40% of the bonus and slots with bet 10-15% of Bonus: Epic Joker, Cowboys gold, book of the fallen, champions of Rome, Viking clash
    Note ( if after the wager the amount is higher than max win amount( 10xB ) ask us for help :)",Main project IRE,,,,High,Banned,SKRILL,300.00,300.00,none,25xDB,MIL,15xB,,,
1208954248931944,2024-12-11,,2024-12-11,Conquestador 3,Main project IRE,,,,,,"    Pick the correct bonus
    If there is a maximum withdraw rule, play the bonus with roulette max bonus is 20% x B
    If NO max withdraw, play roulette 25%-40% of the bonus and slots with bet 10-15% of Bonus: Epic Joker, Cowboys gold, book of the fallen, champions of Rome, Viking clash
    Note ( if after the wager the amount is higher than max win amount( 10xB ) ask us for help :)",Main project IRE,,,,,Banned,SKRILL,400.00,200.00,none,20xDB,MIL,,,,
1208954249011837,2024-12-11,,2024-12-11,Conquestador 4,Main project IRE,,,,,,"    Pick the correct bonus
    If there is a maximum withdraw rule, play the bonus with roulette max bonus is 20% x B
    If NO max withdraw, play roulette 25%-40% of the bonus and slots with bet 10-15% of Bonus: Epic Joker, Cowboys gold, book of the fallen, champions of Rome, Viking clash
    Note ( if after the wager the amount is higher than max win amount( 10xB ) ask us for help :)",Main project IRE,,,,,Banned,SKRILL,400.00,200.00,none,20xDB,MIL,,,,
1208954249011853,2024-12-11,,2024-12-11,Crypto Leo 2,Main project IRE,,,,,,"DUX GROUP
    Deposit to get maximum bonus with skrill or crypto
    Pick a slot: Book of cats megaways, wild cash x9990,bigger bass bonanza, book of the fallen, JOKER TROUPE,Iron bank, Razor shark
    No max bet on roullete or high bet on low varieance slot (10 spins min) can withdraw early with own money target should be over 1k, if not MAX BET 5  early target is 5x D+B
    Note if slots or the maximum bet is overriding the software will notify you automatically
    Cancel bonus if you have less than 20 cents before accepting new bonus",Main project IRE,,,,High,Not started,SKRILL,400.00,300.00,5,35xDB,DUX,10xB,,,
1208954249100702,2024-12-11,,2024-12-11,Crypto Leo 3,Main project IRE,,,,,,"DUX GROUP
    Deposit to get maximum bonus with skrill or crypto
    Pick a slot: Book of cats megaways, wild cash x9990,bigger bass bonanza, book of the fallen, JOKER TROUPE,Iron bank, Razor shark
    No max bet on roullete or high bet on low varieance slot (10 spins min) can withdraw early with own money target should be over 1k, if not MAX BET 5  early target is 5x D+B
    Note if slots or the maximum bet is overriding the software will notify you automatically
    Cancel bonus if you have less than 20 cents before accepting new bonus",Main project IRE,,,,High,Not started,SKRILL,200.00,100.00,5,35xDB,DUX,10xB,,,
1208954249100719,2024-12-11,,2024-12-11,Crypto Leo 1,Main project IRE,,,,,,"·  Deposit and Bonus Selection:
    Ensure the player selects the bonus during the deposit process.
    If the player does not receive the bonus, they must immediately contact customer support and provide a screenshot of the email containing the bonus offer.
·  Highroller Bonus:
    For the Highroller Bonus, the player must enter the bonus code ""50HIGH"" during the deposit.
    The deposit amount must be between €300-€500.
 
·  Real Money vs Bonus Money Play:
    Although real money (RM) and bonus money are tracked separately, they appear together in the player's balance.
    The player must first play using real money on games like:
        Roulette, Baccarat, Blackjack, Lines, Mines, and sometimes slots with higher bets.
    After using real money, the player can switch to playing slots with a maximum bet of €5.
        The specific bet should be adjusted to €2/€3/€4/€5, depending on the target.
·  Max Withdrawal (WD) Limit:
    Be aware that these bonuses come with a maximum withdrawal limit of 10x the bonus amount.
    The player should aim to hit 70% of the target to meet wagering requirements.
    If the player exceeds the allowable winnings, they should immediately notify a supervisor.
·  Bonus Cancellation:
    If the player has less than €0.20 in their bonus balance, they should cancel the bonus.
·  System Alerts for Betting Limits:
    If the player attempts to place a higher bet than allowed with bonus money, the system will alert them to stop.",Main project IRE,,,,High,Not started,SKRILL,400.00,400.00,5,35xDB,DUX,10xB,,,
1208954247953498,2024-12-11,,2024-12-11,Dream Vegas,Main project IRE,,,,,,"White hat gaming (luxon for welcome and skrill for reload bonuses )
    Deposit with Luxon
    Max bet 5
    Play slots: Big Bamboo, Joker Troupe, Mystery museum, wild cash x9990, domnitors deluxe 1 linebet, chaow crew, Book of time, Cash compas, Frutz, Let it snow
    Play WHT once a week  with luxon",Main project IRE,,,,High,Not started,"CARD, Luxon",250.00,500.00,5,40xDB,WHT,,,,
1208954247953514,2024-12-11,,2024-12-11,Dublinbet 1,Main project IRE,,,,,,"    Deposit:
        Use Skrill (specifically the Alexandar Casino Skrill card) to make a deposit.
    Play with Real Money (RM):
        Start playing with Real Money balance:
            Slot games: Place higher bets of €10/€15/€20, depending on your deposit amount.
            Table games:
                Roulette: Place bets of €50/€75, depending on your target.
                Baccarat: Go all-in until you reach your target.
    Check Bonus Activation:
        If the bonus is not active after RM play:
            Activate the bonus manually.
    Play with Bonus Money (BM):
        After activating the bonus, switch to playing with Bonus Money balance.
        Play slot games with a maximum bet of €5.",Main project IRE,,,,High,Not started,"CARD, CRYPTO, Mifinity, SKRILL, USDT",500.00,500.00,5,35xDB,MTM,,,,
1208954249457207,2024-12-11,,2024-12-11,Brutal casino,Main project IRE,,,,,,"    Deposit:
        Use Skrill (specifically the Alexandar Casino Skrill card) to make a deposit.
    Play with Real Money (RM):
        Start playing with Real Money balance:
            Slot games: Place higher bets of €10/€15/€20, depending on your deposit amount.
            Table games:
                Roulette: Place bets of €50/€75, depending on your target.
                Baccarat: Go all-in until you reach your target.
    Check Bonus Activation:
        If the bonus is not active after RM play:
            Activate the bonus manually.
    Play with Bonus Money (BM):
        After activating the bonus, switch to playing with Bonus Money balance.
        Play slot games with a maximum bet of €5.",Main project IRE,,,,High,Not started,"CARD, CRYPTO, Mifinity, SKRILL, USDT",300.00,300.00,5,35xDB,MTM,,,,
1208954249457223,2024-12-11,,2024-12-11,Dublinbet 2,Main project IRE,,,,,,"  Deposit:
        Use Skrill (specifically the Alexandar Casino Skrill card) to make a deposit.
    Play with Real Money (RM):
        Start playing with Real Money balance:
            Slot games: Place higher bets of €10/€15/€20, depending on your deposit amount.
            Table games:
                Roulette: Place bets of €50/€75, depending on your target.
                Baccarat: Go all-in until you reach your target.
    Check Bonus Activation:
        If the bonus is not active after RM play:
            Activate the bonus manually.
    Play with Bonus Money (BM):
        After activating the bonus, switch to playing with Bonus Money balance.
        Play slot games with a maximum bet of €5.",Main project IRE,,,,High,Not started,"CARD, CRYPTO, Mifinity, SKRILL, USDT",500.00,500.00,5,35xDB,MTM,,,,
1208954249538086,2024-12-11,,2024-12-11,Europa Casino,Main project IRE,,,,,,—,Main project IRE,,,,,NO Bonus!,"Luxon, WISE",100.00,100.00,less <10,,UNIVERSE,,,,
1208954249538101,2024-12-11,,2024-12-11,Europalace 1,Main project IRE,,,,,,—,Main project IRE,,,,,Not started,"CARD, SKRILL",20.00,20.00,8 or 0.5 per line,50xB,Fortune Lounge 1,6xB,,,
1208954249614770,2024-12-11,,2024-12-11,Europalace 2,Main project IRE,,,,,,—,Main project IRE,,,,,Not started,"CARD, SKRILL",20.00,20.00,8 or 0.5 per line,50xB,Fortune Lounge 1,6xB,,,
1208954249614787,2024-12-11,,2024-12-11,Europalace 3,Main project IRE,,,,,,—,Main project IRE,,,,,Not started,"CARD, SKRILL",20.00,20.00,8 or 0.5 per line,50xB,Fortune Lounge 1,6xB,,,
1208954249678639,2024-12-11,,2024-12-11,Europalace 4,Main project IRE,,,,,,—,Main project IRE,,,,,Not started,"CARD, SKRILL",20.00,20.00,8 or 0.5 per line,50xB,Fortune Lounge 1,6xB,,,
1208954249678656,2024-12-11,,2024-12-11,Europalace 5 NO BONUS,Main project IRE,,,,,,—,Main project IRE,,,,,Not started,"CARD, SKRILL",,,<30% bonus,50xB,Fortune Lounge 1,,,,
1208954248780562,2024-12-11,,2024-12-11,Fatboss 1,Main project IRE,,,,,,"   After the deposit, check whether the bonus is activated.
        If the bonus is active: The player should play a slot game with a maximum bet of €5.",Main project IRE,,,,High,Not started,"CARD, CRYPTO, Mifinity, SKRILL, USDT",50.00,50.00,5,35xDB,MTM,,,,
1208952401474037,2024-12-11,,2024-12-11,Fatboss 2,Main project IRE,,,,,,"   After the deposit, check whether the bonus is activated.
        If the bonus is active: The player should play a slot game with a maximum bet of €5.",Main project IRE,,,,High,Not started,"CARD, CRYPTO, Mifinity, SKRILL, USDT",50.00,50.00,5,35xDB,MTM,,,,
1208954248780578,2024-12-11,,2024-12-11,Flush.com 1,Main project IRE,,,,,,—,Main project IRE,,,,,STOP,CRYPTO,300.00,450.00,5,35xDB,Crypto ONLY,,,,
1208954250019271,2024-12-11,,2024-12-11,Golden Bet 1,Main project IRE,,,,,,"    Deposit crypto
    Play high variance slots with max win 2-3k max win
    check for slots and how much to wager",Main project IRE,,,,,STOP,"CRYPTO, SKRILL",300.00,300.00,5,35xDB,Santeda Int,50xB,,,
1208954250019288,2024-12-11,,2024-12-11,Donbet.com,Main project IRE,,,,,,"    Deposit crypto
    Play high variance slots with max win 2-3k max win
    check for slots and how much to wager",Main project IRE,,,,Medium,Not started,"CRYPTO, SKRILL",200.00,200.00,5,35xDB,Santeda Int,50xB,,,
1208954250053952,2024-12-11,,2024-12-11,Cosmo Bet 1,Main project IRE,,,,,,"    Deposit crypto
    Play high variance slots with max win 2-3k max win
    check for slots and how much to wager",Main project IRE,,,,Medium,Not started,"CRYPTO, SKRILL",330.00,495.00,5,30xDB,Santeda Int,50xB,,,
1208954250053969,2024-12-11,,2024-12-11,Cosmo Bet 3,Main project IRE,,,,,,"    Deposit crypto
    Play high variance slots with max win 2-3k max win
    check for slots and how much to wager",Main project IRE,,,,,Not started,"CRYPTO, SKRILL",300.00,300.00,5,30xDB,Santeda Int,50xB,,,
1208954250107198,2024-12-11,,2024-12-11,Cosmo Bet 2,Main project IRE,,,,,,"    Deposit crypto
    Play high variance slots with max win 2-3k max win
    check for slots and how much to wager",Main project IRE,,,,,Not started,"CRYPTO, SKRILL",300.00,300.00,5,30xDB,Santeda Int,50xB,,,
1208954250141248,2024-12-11,,2024-12-11,Golden Bet 2,Main project IRE,,,,,,"    Deposit crypto
    Play high variance slots with max win 2-3k max win
    check for slots and how much to wager",Main project IRE,,,,,STOP,"CRYPTO, SKRILL",300.00,300.00,5,35xDB,Santeda Int,50xB,,,
1208954250141265,2024-12-11,,2024-12-11,Golden Bet 3,Main project IRE,,,,,,"    Deposit crypto
    Play high variance slots with max win 2-3k max win
    check for slots and how much to wager",Main project IRE,,,,,STOP,"CRYPTO, SKRILL",300.00,300.00,5,35xDB,Santeda Int,50xB,,,
1208954250194207,2024-12-11,,2024-12-11,Mr Green,Main project IRE,,,,,,"Real money part, play roulette or slot higher bet. With bonus max bet is 5!
Real money hit 1k+, cancel bonus if its real money.",Main project IRE,,,,,Not started,"CARD, SKRILL",100.00,100.00,5,35xB,Mr Green Ltd Casinos,,,,
1208954250194223,2024-12-11,,2024-12-11,High Roller casino,Main project IRE,,,,,,"Dep 200-400
Your welcome bonus is a Parachute Bonus, meaning that you play with real money first, then bonus money. The rules below only apply when you play with your bonus money.
With real money you can play roulette, baccarat, slots  bigger bets

Only when playing with bonus: 17 Excluded Games From Bonus Play:
https://www.highroller.com/en-ie/terms-conditions",Main project IRE,,,,High,Testing,"CARD, CRYPTO, SKRILL",,,5,40xB,Happy Hour Solutions,,,,
1208954249293173,2024-12-11,,2024-12-11,Hiperwin Casino,Main project IRE,,,,,,"
  ·  Hiperwin Bonus:
    The Hiperwin bonus must be confirmed during registration.
    All other bonuses are automatically added.
    After the deposit, check whether the bonus is activated.
        If the bonus is active: The player should play a slot game with a maximum bet of €5.",Main project IRE,,,,High,Not started,"CARD, CRYPTO, SKRILL",200.00,200.00,5,35xDB,MTM,,,,
1208954250526392,2024-12-11,,2024-12-11,Jackpot Village,Main project IRE,,,,,,"         Play WHT once a week  with luxon
White hat gaming (luxon for welcome and skrill for reload bonuses )
    Deposit with Luxon
    Max bet 5
    Play slots: Big Bamboo, Joker Troupe, Mystery museum, wild cash x9990, domnitors deluxe 1 linebet, chaow crew, Book of time, Cash compas, Frutz, Let it snow",Main project IRE,,,,High,Not started,CARD,250.00,500.00,5,40xDB,WHT,,,,
1208954250526408,2024-12-11,,2024-12-11,Jacktop 1,Main project IRE,,,,,,"    deposit get the bonus
    early withdraw allowed with own money bonus get cancelled.
    Play magic journey., hacksaw lines, mines, coins etc
    hit target 8xD


https://app.asana.com/app/asana/-/get_asset?asset_id=1208541611350417",Main project IRE,,,,,Banned,SKRILL,400.00,400.00,5,50xB,FairGame G.P N.V,10xD,,,
1208954250567636,2024-12-11,,2024-12-11,Jacktop 2,Main project IRE,,,,,,—,Main project IRE,,,,,Banned,SKRILL,200.00,100.00,5,50xB,FairGame G.P N.V,10xD,,,
1208954250567653,2024-12-11,,2024-12-11,Jacktop 3,Main project IRE,,,,,,—,Main project IRE,,,,,Banned,SKRILL,200.00,100.00,5,50xB,FairGame G.P N.V,10xD,,,
1208954250642290,2024-12-11,,2024-12-11,Jacktop 4,Main project IRE,,,,,,—,Main project IRE,,,,,Banned,SKRILL,400.00,600.00,5,60xB,FairGame G.P N.V,10xD,,,
1208954250642307,2024-12-11,,2024-12-11,Kryptosino Nowager,Main project IRE,,,,,,"    Max cashout is five times the bonus amount.
    Max bet while bonus active is $6.",Main project IRE,,,,High,Not started,"CARD, CRYPTO, Mifinity, USDT",500.00,500.00,6,,Versus Odds,5,,,
1208954250725024,2024-12-11,,2024-12-11,Lucky31 1,Main project IRE,,,,,,"    After the deposit, check whether the bonus is activated.
        If the bonus is active: The player should play a slot game with a maximum bet of €5.",Main project IRE,,,,High,Not started,"CARD, CRYPTO, Mifinity, SKRILL, USDT",100.00,100.00,5,35xDB,MTM,,,,
1208952401474039,2024-12-11,,2024-12-11,Lucky31 2,Main project IRE,,,,,,"    After the deposit, check whether the bonus is activated.
        If the bonus is active: The player should play a slot game with a maximum bet of €5.",Main project IRE,,,,High,Not started,"CARD, CRYPTO, Mifinity, SKRILL, USDT",100.00,100.00,5,35xDB,MTM,,,,
1208954250725040,2024-12-11,,2024-12-11,Mystake,Main project IRE,,,,,,—,Main project IRE,,,,Medium,Not started,"CARD, CRYPTO, Mifinity, SKRILL, USDT",300.00,450.00,5,30xDB,Santeda Int,,,,
1208954250796718,2024-12-11,,2024-12-11,Mystake 2,Main project IRE,,,,,,—,Main project IRE,,,,,Not started,"CARD, CRYPTO, Mifinity, SKRILL, USDT",300.00,450.00,5,30xDB,Santeda Int,,,,
1208954201585898,2024-12-11,,2024-12-11,NeedForSpin 1,Main project IRE,,,,,,"
·  Deposit Funds:
    Ensure the player makes a deposit into their account to start playing with real money.
·  Playing with Real Money:
    After the deposit is confirmed, the player must first play using real money.
    Betting:
        For slots or table games, the recommended bet is between €10-€20 per spin or round, depending on the target amount.
        If the player is playing baccarat, they should go ""all-in"" until they reach their target.
·  Activating the Bonus:
    Once the player finishes playing with real money, they need to go to the ""My Bonuses"" section.
    There, they can activate their bonus.
·  Maximum Bet with Bonus Money:
    When using bonus money, the maximum allowed bet is €5.
·  Playing Free Spins:
    After the player has used their bonus money, they must also play any free spins that come with the bonus.
·  Bust Scenario:
    If the player loses all their funds (busts), instruct them to cancel all remaining bonuses and make a new deposit to continue.
·  No Bonus Received:
    If the player does not receive a bonus after following the steps, they should be directed to contact customer support via chat for further assistance.",Main project IRE,,,,High,Not started,"CARD, Mifinity, SKRILL",270.00,300.00,5,45xB,Gbl solutions,10xD,,,
1208954201585915,2024-12-11,,2024-12-11,NeedForSpin 4,Main project IRE,,,,,,"
·  Deposit Funds:
    Ensure the player makes a deposit into their account to start playing with real money.
·  Playing with Real Money:
    After the deposit is confirmed, the player must first play using real money.
    Betting:
        For slots or table games, the recommended bet is between €10-€20 per spin or round, depending on the target amount.
        If the player is playing baccarat, they should go ""all-in"" until they reach their target.
·  Activating the Bonus:
    Once the player finishes playing with real money, they need to go to the ""My Bonuses"" section.
    There, they can activate their bonus.
·  Maximum Bet with Bonus Money:
    When using bonus money, the maximum allowed bet is €5.
·  Playing Free Spins:
    After the player has used their bonus money, they must also play any free spins that come with the bonus.
·  Bust Scenario:
    If the player loses all their funds (busts), instruct them to cancel all remaining bonuses and make a new deposit to continue.
·  No Bonus Received:
    If the player does not receive a bonus after following the steps, they should be directed to contact customer support via chat for further assistance.",Main project IRE,,,,High,Not started,"CARD, Mifinity, SKRILL",300.00,150.00,5,45xB,Gbl solutions,10xD,,,
1208954202256086,2024-12-11,,2024-12-11,NeedForSpin 2,Main project IRE,,,,,,"—
·  Deposit Funds:
    Ensure the player makes a deposit into their account to start playing with real money.
·  Playing with Real Money:
    After the deposit is confirmed, the player must first play using real money.
    Betting:
        For slots or table games, the recommended bet is between €10-€20 per spin or round, depending on the target amount.
        If the player is playing baccarat, they should go ""all-in"" until they reach their target.
·  Activating the Bonus:
    Once the player finishes playing with real money, they need to go to the ""My Bonuses"" section.
    There, they can activate their bonus.
·  Maximum Bet with Bonus Money:
    When using bonus money, the maximum allowed bet is €5.
·  Playing Free Spins:
    After the player has used their bonus money, they must also play any free spins that come with the bonus.
·  Bust Scenario:
    If the player loses all their funds (busts), instruct them to cancel all remaining bonuses and make a new deposit to continue.
·  No Bonus Received:
    If the player does not receive a bonus after following the steps, they should be directed to contact customer support via chat for further assistance.",Main project IRE,,,,High,Not started,"CARD, Mifinity, SKRILL",300.00,180.00,5,45xB,Gbl solutions,10xD,,,
1208954202256103,2024-12-11,,2024-12-11,NeedForSpin 3,Main project IRE,,,,,,"—
·  Deposit Funds:
    Ensure the player makes a deposit into their account to start playing with real money.
·  Playing with Real Money:
    After the deposit is confirmed, the player must first play using real money.
    Betting:
        For slots or table games, the recommended bet is between €10-€20 per spin or round, depending on the target amount.
        If the player is playing baccarat, they should go ""all-in"" until they reach their target.
·  Activating the Bonus:
    Once the player finishes playing with real money, they need to go to the ""My Bonuses"" section.
    There, they can activate their bonus.
·  Maximum Bet with Bonus Money:
    When using bonus money, the maximum allowed bet is €5.
·  Playing Free Spins:
    After the player has used their bonus money, they must also play any free spins that come with the bonus.
·  Bust Scenario:
    If the player loses all their funds (busts), instruct them to cancel all remaining bonuses and make a new deposit to continue.
·  No Bonus Received:
    If the player does not receive a bonus after following the steps, they should be directed to contact customer support via chat for further assistance.",Main project IRE,,,,High,Not started,"CARD, Mifinity, SKRILL",300.00,180.00,5,45xB,Gbl solutions,10xD,,,
1208954202309429,2024-12-11,,2024-12-11,NeedForSpin 5,Main project IRE,,,,,,—,Main project IRE,,,,High,Not started,"CARD, Mifinity, SKRILL",280.00,196.00,5,45xB,Gbl solutions,10xD,,,
1208954202309446,2024-12-11,,2024-12-11,Nine Casino 1,Main project IRE,,,,,,"·  Deposit and Bonus Selection:
    Ensure the player selects the bonus during the deposit process.
    If the player does not receive the bonus, they must immediately contact customer support and provide a screenshot of the email containing the bonus offer.
·  Highroller Bonus:
    For the Highroller Bonus, the player must enter the bonus code ""50HIGH"" during the deposit.
    The deposit amount must be between €300-€500.
 
·  Real Money vs Bonus Money Play:
    Although real money (RM) and bonus money are tracked separately, they appear together in the player's balance.
    The player must first play using real money on games like:
        Roulette, Baccarat, Blackjack, Lines, Mines, and sometimes slots with higher bets.
    After using real money, the player can switch to playing slots with a maximum bet of €5.
        The specific bet should be adjusted to €2/€3/€4/€5, depending on the target.
·  Max Withdrawal (WD) Limit:
    Be aware that these bonuses come with a maximum withdrawal limit of 10x the bonus amount.
    The player should aim to hit 70% of the target to meet wagering requirements.
    If the player exceeds the allowable winnings, they should immediately notify a supervisor.
·  Bonus Cancellation:
    If the player has less than €0.20 in their bonus balance, they should cancel the bonus.
·  System Alerts for Betting Limits:
    If the player attempts to place a higher bet than allowed with bonus money, the system will alert them to stop.",Main project IRE,,,,High,Not started,"CARD, SKRILL",150.00,150.00,5,35xDB,DUX,10xB,,,
1208954202351008,2024-12-11,,2024-12-11,Bdm bet 1,Main project IRE,,,,,,"·  Deposit and Bonus Selection:
    Ensure the player selects the bonus during the deposit process.
    If the player does not receive the bonus, they must immediately contact customer support and provide a screenshot of the email containing the bonus offer.
·  Highroller Bonus:
    For the Highroller Bonus, the player must enter the bonus code ""50HIGH"" during the deposit.
    The deposit amount must be between €300-€500.
 
·  Real Money vs Bonus Money Play:
    Although real money (RM) and bonus money are tracked separately, they appear together in the player's balance.
    The player must first play using real money on games like:
        Roulette, Baccarat, Blackjack, Lines, Mines, and sometimes slots with higher bets.
    After using real money, the player can switch to playing slots with a maximum bet of €5.
        The specific bet should be adjusted to €2/€3/€4/€5, depending on the target.
·  Max Withdrawal (WD) Limit:
    Be aware that these bonuses come with a maximum withdrawal limit of 10x the bonus amount.
    The player should aim to hit 70% of the target to meet wagering requirements.
    If the player exceeds the allowable winnings, they should immediately notify a supervisor.
·  Bonus Cancellation:
    If the player has less than €0.20 in their bonus balance, they should cancel the bonus.
·  System Alerts for Betting Limits:
    If the player attempts to place a higher bet than allowed with bonus money, the system will alert them to stop.",Main project IRE,,,,High,Not started,"CARD, SKRILL",150.00,150.00,5,35xDB,DUX,10xB,,,
1208954202351025,2024-12-11,,2024-12-11,Nine Casino 2,Main project IRE,,,,,,"DUX GROUP
    Deposit 200, 220,250,270
    Max bet 5 can withdraw early with own money target should be over 1k, if not early target is 5x D+B
    With real balance play roulette, baccarat, BJ, lines, mines and sometimes slots higher bets
    Note if slots or the maximum bet is overriding the software will notify you automatically
    Cancel bonus if you have less than 20 cents before accepting new bonus",Main project IRE,,,,High,Not started,"CARD, SKRILL",,,5,35xDB,DUX,10xB,,,
1208954202398552,2024-12-11,,2024-12-11,Bdm bet 2,Main project IRE,,,,,,"DUX GROUP
    Deposit 200, 220,250,270
    Max bet 5 can withdraw early with own money target should be over 1k, if not early target is 5x D+B
    With real balance play roulette, baccarat, BJ, lines, mines and sometimes slots higher bets
    Note if slots or the maximum bet is overriding the software will notify you automatically
    Cancel bonus if you have less than 20 cents before accepting new bonus",Main project IRE,,,,High,Not started,"CARD, SKRILL",,,5,35xDB,DUX,10xB,,,
1208954202398565,2024-12-11,,2024-12-11,Nine Casino 3,Main project IRE,,,,,,"DUX GROUP
 
      With real balance play roulette, baccarat, BJ, lines, mines and sometimes slots higher bets
    Note if slots or the maximum bet is overriding the software will notify you automatically
    Cancel bonus if you have less than 20 cents before accepting new bonuswith own money target should be over 1k, if not MAX BET 5  early target is 5x D+B
    Note if slots or the maximum bet is overriding the software will notify you automatically
    Cancel bonus if you have less than 20 cents before accepting new bonus
    First play deposit money on roullete or high bet on low varieance slot (10 spins min)",Main project IRE,,,,High,Not started,"CARD, SKRILL",150.00,150.00,5,35xDB,DUX,10xB,,,
1208954202440969,2024-12-11,,2024-12-11,Bdm bet 3,Main project IRE,,,,,,"DUX GROUP
 
      With real balance play roulette, baccarat, BJ, lines, mines and sometimes slots higher bets
    Note if slots or the maximum bet is overriding the software will notify you automatically
    Cancel bonus if you have less than 20 cents before accepting new bonuswith own money target should be over 1k, if not MAX BET 5  early target is 5x D+B
    Note if slots or the maximum bet is overriding the software will notify you automatically
    Cancel bonus if you have less than 20 cents before accepting new bonus
    First play deposit money on roullete or high bet on low varieance slot (10 spins min)",Main project IRE,,,,High,Not started,"CARD, SKRILL",150.00,150.00,5,35xDB,DUX,10xB,,,
1208954202440986,2024-12-11,,2024-12-11,Novibet,Main project IRE,,,,,,"First Deposit Bonus:
    Deposit with Skrill Card:
        The player must make their first deposit using a Skrill card to qualify for the bonus. ( for RL bonus use SKRILL)
    Check for Bonus:
        After the deposit, if the bonus is not visible, the player should contact customer support for assistance.
Real Money (RM) vs Bonus Money (BM):
    Although real money (RM) and bonus money (BM) are tracked separately, they appear together in the player's balance as one amount.
    Ensure the player understands that they are playing with real money first before using bonus money.
 
    No Maximum Bet:
        There is no maximum bet for this bonus.
        The player can play table games or slots with higher bets as desired.",Main project IRE,,,,High,Not started,CARD,150.00,150.00,none,35xDB,NVI,,,,
1208954202490518,2024-12-11,,2024-12-11,Platinum Play 1,Main project IRE,,,,,,—,Main project IRE,,,,,Not started,"CARD, SKRILL",20.00,20.00,8 or 0.5 per line,50xB,Fortune Lounge 1,6xB,,,
1208954202490535,2024-12-11,,2024-12-11,Platinum Play 2,Main project IRE,,,,,,—,Main project IRE,,,,,Not started,"CARD, SKRILL",20.00,20.00,8 or 0.5 per line,50xB,Fortune Lounge 1,6xB,,,
1208954251476921,2024-12-11,,2024-12-11,Platinum Play 3,Main project IRE,,,,,,"    Register casino
    Input correct bonus code or chose the bonus code
    wager low-mid variance slot
    Might need to save in the free spins if win higher amount then 2000",Main project IRE,,,,,Not started,"CARD, SKRILL",20.00,20.00,8 or 0.5 per line,50xB,Fortune Lounge 1,6xB,,,
1208954251476938,2024-12-11,,2024-12-11,Platinum Play 4 NO BONUS,Main project IRE,,,,,,"    Register casino
    Input correct bonus code or chose the bonus code
    wager low-mid variance slot
    Might need to save in the free spins if win higher amount then 2000",Main project IRE,,,,,Not started,"CARD, SKRILL",,,<30% bonus,50xB,Fortune Lounge 1,,,,
1208954251476950,2024-12-11,,2024-12-11,Rocketpot,Main project IRE,,,,,,"100xB wager
max bonus 5k",Main project IRE,,,,High,,CRYPTO,200.00,200.00,5,50xDB,Crypto ONLY,,,,
1208954251614521,2024-12-11,,2024-12-11,Royal Vegas 1,Main project IRE,,,,,,—,Main project IRE,,,,,Not started,"CARD, SKRILL, USDT",20.00,20.00,8 or 0.5 per line,50xB,Fortune Lounge 1,6xB,,,
1208954251670287,2024-12-11,,2024-12-11,Royal Vegas 2,Main project IRE,,,,,,—,Main project IRE,,,,,Not started,"CARD, SKRILL, USDT",20.00,20.00,8 or 0.5 per line,50xB,Fortune Lounge 1,6xB,,,
1208954251670304,2024-12-11,,2024-12-11,Royal Vegas 3,Main project IRE,,,,,,—,Main project IRE,,,,,Not started,"CARD, SKRILL, USDT",20.00,20.00,8 or 0.5 per line,50xB,Fortune Lounge 1,6xB,,,
1208954251721647,2024-12-11,,2024-12-11,Royal Vegas 4,Main project IRE,,,,,,—,Main project IRE,,,,,Not started,"CARD, SKRILL, USDT",20.00,20.00,8 or 0.5 per line,50xB,Fortune Lounge 1,6xB,,,
1208954251721664,2024-12-11,,2024-12-11,Royal Vegas 5 NO BONUS,Main project IRE,,,,,,—,Main project IRE,,,,,Not started,"CARD, Luxon, SKRILL",,,<30% bonus,50xB,Fortune Lounge 1,,,,
1208954251721676,2024-12-11,,2024-12-11,Bethard,Main project IRE,,,,,,—,Main project IRE,,,,High,Testing,SKRILL CARD,50.00,50.00,5,20xDB,Prozone LTD,,,,
1208954251776772,2024-12-11,,2024-12-11,One casino,Main project IRE,,,,,,—,Main project IRE,,,,,Testing,SKRILL CARD,100.00,100.00,5,20xDB,,,,,
1208954251776787,2024-12-11,,2024-12-11,Betvictor,Main project IRE,,,,,,"No max bet, play coins, lines , mines target 1800-2000",Main project IRE,,,,,NO Bonus!,SKRILL CARD,300.00,300.00,none,40xB,BV Gaming Limited,2500,,,
1208954251831419,2024-12-11,,2024-12-11,Temple Nile 1,Main project IRE,,,,,,"  White hat gaming (luxon for welcome and skrill for reload bonuses )
    Deposit with Luxon
    Max bet 5
    Play slots: Big Bamboo, Joker Troupe, Mystery museum, wild cash x9990, domnitors deluxe 1 linebet, chaow crew, Book of time, Cash compas, Frutz, Let it snow
           Play WHT once a week  with luxon",Main project IRE,,,,High,Not started,"Luxon, WISE",250.00,500.00,5,40xDB,WHT,,,,
1208954251831435,2024-12-11,,2024-12-11,Skolcasino,Main project IRE,,,,,,"   White hat gaming (luxon for welcome and skrill for reload bonuses )
    Deposit with Luxon 
    Play WHT once a week  with luxon",Main project IRE,,,,High,Not started,"Luxon, WISE",200.00,200.00,5,35xDB,WHT,,,,
1208954251902299,2024-12-11,,2024-12-11,Casimba,Main project IRE,,,,,,"   White hat gaming (luxon for welcome and skrill for reload bonuses )
    Deposit with Luxon 
    Play WHT once a week  with luxon",Main project IRE,,,,High,Not started,"Luxon, WISE",,,5,35xDB,WHT,,,,
1208954142347271,2024-12-11,,2024-12-11,Temple Nile Reload 2,Main project IRE,,,,,,"White hat gaming (luxon for welcome and skrill for reload bonuses )
    Deposit with Luxon
    Max bet 5
    Play slots: Big Bamboo, Joker Troupe, Mystery museum, wild cash x9990, domnitors deluxe 1 linebet, chaow crew, Book of time, Cash compas, Frutz, Let it snow
             Play WHT once a week  with luxon",Main project IRE,,,,High,Not started,"CARD, Luxon",200.00,100.00,5,40xB,WHT,,,,
1208954146439694,2024-12-11,,2024-12-11,Titan casino,Main project IRE,,,,,,Problem  sa dobivanjem bonusa....treba naci rijesenje,Main project IRE,,,,,NO Bonus!,"Luxon, WISE",100.00,100.00,less <10,,UNIVERSE,,,,
1208954146439709,2024-12-11,,2024-12-11,CRYPTO Fairspin 200% 10.000 euro  check casino guru,Main project IRE,,,,,,—,Main project IRE,,,,,STOP,CRYPTO,,,,,,,,,
1208954146503801,2024-12-11,,2024-12-11,Emu casino 300+300 crypto bonus early wd,Main project IRE,,,,,,—,Main project IRE,,,,,STOP,CRYPTO,,,,,,,,,
1208954146503810,2024-12-11,,2024-12-11,Tonybet 1 play first,Main project IRE,,,,,,"·  Deposit Funds:
    Instruct the player to make a deposit and ensure they select the bonus option when making the payment via Skrill.
    Important: If the player does not receive the bonus after depositing, they should immediately contact customer support.
·  Playing Slots:
    Once the deposit is complete, the player should play a slot game with a €5 bet.
    The slot game must not have the option to purchase a bonus (no bonus buy feature).
·  Non-Wagering Slots:
    If the player receives a message that the selected slot does not count towards wagering requirements, they should stop playing that slot and choose another one.",Main project IRE,,,,,Not started,"CARD, SKRILL",,,5,50xB,TECHSOLUTION,,,,
1208954146503822,2024-12-11,,2024-12-11,Tonybet 2 play first,Main project IRE,,,,,,"  Deposit Funds:
    Instruct the player to make a deposit and ensure they select the bonus option when making the payment via Skrill.
    Important: If the player does not receive the bonus after depositing, they should immediately contact customer support.
·  Playing Slots:
    Once the deposit is complete, the player should play a slot game with a €5 bet.
    The slot game must not have the option to purchase a bonus (no bonus buy feature).
·  Non-Wagering Slots:
    If the player receives a message that the selected slot does not count towards wagering requirements, they should stop playing that slot and choose another one.",Main project IRE,,,,,Not started,"CARD, SKRILL",200.00,100.00,5,50xB,TECHSOLUTION,,,,
1208954146588424,2024-12-11,,2024-12-11,Tonybet 3 RL,Main project IRE,,,,,,"Tech solution group
    Deposit and bonus are separated, you can early withdraw
    Target for EW is 7xD
    Max bet is 5 until bonus is canceled",Main project IRE,,,,,Not started,"CARD, SKRILL",200.00,100.00,5,50xB,TECHSOLUTION,10000,,,
1208954146588441,2024-12-11,,2024-12-11,Wild Tokyo 1,Main project IRE,,,,,,"
·  Deposit Funds:
    Ensure the player makes a deposit into their account to start playing with real money.
·  Playing with Real Money:
    After the deposit is confirmed, the player must first play using real money.
    Betting:
        For slots or table games, the recommended bet is between €10-€20 per spin or round, depending on the target amount.
        If the player is playing baccarat, they should go ""all-in"" until they reach their target.
·  Activating the Bonus:
    Once the player finishes playing with real money, they need to go to the ""My Bonuses"" section.
    There, they can activate their bonus.
·  Maximum Bet with Bonus Money:
    When using bonus money, the maximum allowed bet is €5.
·  Playing Free Spins:
    After the player has used their bonus money, they must also play any free spins that come with the bonus.
·  Bust Scenario:
    If the player loses all their funds (busts), instruct them to cancel all remaining bonuses and make a new deposit to continue.
·  No Bonus Received:
    If the player does not receive a bonus after following the steps, they should be directed to contact customer support via chat for further assistance.",Main project IRE,,,,High,Not started,"CARD, Mifinity, SKRILL",270.00,297.00,5,50xB,Gbl solutions,10xD,,,
1208954146660189,2024-12-11,,2024-12-11,winshark 1,Main project IRE,,,,,,"
·  Deposit Funds:
    Ensure the player makes a deposit into their account to start playing with real money.
·  Playing with Real Money:
    After the deposit is confirmed, the player must first play using real money.
    Betting:
        For slots or table games, the recommended bet is between €10-€20 per spin or round, depending on the target amount.
        If the player is playing baccarat, they should go ""all-in"" until they reach their target.
·  Activating the Bonus:
    Once the player finishes playing with real money, they need to go to the ""My Bonuses"" section.
    There, they can activate their bonus.
·  Maximum Bet with Bonus Money:
    When using bonus money, the maximum allowed bet is €5.
·  Playing Free Spins:
    After the player has used their bonus money, they must also play any free spins that come with the bonus.
·  Bust Scenario:
    If the player loses all their funds (busts), instruct them to cancel all remaining bonuses and make a new deposit to continue.
·  No Bonus Received:
    If the player does not receive a bonus after following the steps, they should be directed to contact customer support via chat for further assistance.",Main project IRE,,,,High,STOP,"CARD, Mifinity, SKRILL",150.00,150.00,5,50xB,Gbl solutions,10xD,,,
1208954146660206,2024-12-11,,2024-12-11,Wild Tokyo 2,Main project IRE,,,,,,"
·  Deposit Funds:
    Ensure the player makes a deposit into their account to start playing with real money.
·  Playing with Real Money:
    After the deposit is confirmed, the player must first play using real money.
    Betting:
        For slots or table games, the recommended bet is between €10-€20 per spin or round, depending on the target amount.
        If the player is playing baccarat, they should go ""all-in"" until they reach their target.
·  Activating the Bonus:
    Once the player finishes playing with real money, they need to go to the ""My Bonuses"" section.
    There, they can activate their bonus.
·  Maximum Bet with Bonus Money:
    When using bonus money, the maximum allowed bet is €5.
·  Playing Free Spins:
    After the player has used their bonus money, they must also play any free spins that come with the bonus.
·  Bust Scenario:
    If the player loses all their funds (busts), instruct them to cancel all remaining bonuses and make a new deposit to continue.
·  No Bonus Received:
    If the player does not receive a bonus after following the steps, they should be directed to contact customer support via chat for further assistance.",Main project IRE,,,,High,Not started,"CARD, Mifinity, SKRILL",300.00,210.00,5,50xB,Gbl solutions,10xD,,,
1208954146706429,2024-12-11,,2024-12-11,winshark 2,Main project IRE,,,,,,"
·  Deposit Funds:
    Ensure the player makes a deposit into their account to start playing with real money.
·  Playing with Real Money:
    After the deposit is confirmed, the player must first play using real money.
    Betting:
        For slots or table games, the recommended bet is between €10-€20 per spin or round, depending on the target amount.
        If the player is playing baccarat, they should go ""all-in"" until they reach their target.
·  Activating the Bonus:
    Once the player finishes playing with real money, they need to go to the ""My Bonuses"" section.
    There, they can activate their bonus.
·  Maximum Bet with Bonus Money:
    When using bonus money, the maximum allowed bet is €5.
·  Playing Free Spins:
    After the player has used their bonus money, they must also play any free spins that come with the bonus.
·  Bust Scenario:
    If the player loses all their funds (busts), instruct them to cancel all remaining bonuses and make a new deposit to continue.
·  No Bonus Received:
    If the player does not receive a bonus after following the steps, they should be directed to contact customer support via chat for further assistance.",Main project IRE,,,,High,STOP,"CARD, Mifinity, SKRILL",220.00,200.00,5,50xB,Gbl solutions,10xD,,,
1208954146706446,2024-12-11,,2024-12-11,Wild Tokyo 3,Main project IRE,,,,,,"
·  Deposit Funds:
    Ensure the player makes a deposit into their account to start playing with real money.
·  Playing with Real Money:
    After the deposit is confirmed, the player must first play using real money.
    Betting:
        For slots or table games, the recommended bet is between €10-€20 per spin or round, depending on the target amount.
        If the player is playing baccarat, they should go ""all-in"" until they reach their target.
·  Activating the Bonus:
    Once the player finishes playing with real money, they need to go to the ""My Bonuses"" section.
    There, they can activate their bonus.
·  Maximum Bet with Bonus Money:
    When using bonus money, the maximum allowed bet is €5.
·  Playing Free Spins:
    After the player has used their bonus money, they must also play any free spins that come with the bonus.
·  Bust Scenario:
    If the player loses all their funds (busts), instruct them to cancel all remaining bonuses and make a new deposit to continue.
·  No Bonus Received:
    If the player does not receive a bonus after following the steps, they should be directed to contact customer support via chat for further assistance.",Main project IRE,,,,High,Not started,"CARD, Mifinity, SKRILL",300.00,210.00,5,50xB,Gbl solutions,10xD,,,
1208954252510632,2024-12-11,,2024-12-11,Winshark 3,Main project IRE,,,,,,"
·  Deposit Funds:
    Ensure the player makes a deposit into their account to start playing with real money.
·  Playing with Real Money:
    After the deposit is confirmed, the player must first play using real money.
    Betting:
        For slots or table games, the recommended bet is between €10-€20 per spin or round, depending on the target amount.
        If the player is playing baccarat, they should go ""all-in"" until they reach their target.
·  Activating the Bonus:
    Once the player finishes playing with real money, they need to go to the ""My Bonuses"" section.
    There, they can activate their bonus.
·  Maximum Bet with Bonus Money:
    When using bonus money, the maximum allowed bet is €5.
·  Playing Free Spins:
    After the player has used their bonus money, they must also play any free spins that come with the bonus.
·  Bust Scenario:
    If the player loses all their funds (busts), instruct them to cancel all remaining bonuses and make a new deposit to continue.
·  No Bonus Received:
    If the player does not receive a bonus after following the steps, they should be directed to contact customer support via chat for further assistance.",Main project IRE,,,,High,STOP,"CARD, Mifinity, SKRILL",300.00,180.00,5,50xB,Gbl solutions,10xD,,,
1208954252510649,2024-12-11,,2024-12-11,Rolling slots 1,Main project IRE,,,,,,"
·  Deposit Funds:
    Ensure the player makes a deposit into their account to start playing with real money.
·  Playing with Real Money:
    After the deposit is confirmed, the player must first play using real money.
    Betting:
        For slots or table games, the recommended bet is between €10-€20 per spin or round, depending on the target amount.
        If the player is playing baccarat, they should go ""all-in"" until they reach their target.
·  Activating the Bonus:
    Once the player finishes playing with real money, they need to go to the ""My Bonuses"" section.
    There, they can activate their bonus.
·  Maximum Bet with Bonus Money:
    When using bonus money, the maximum allowed bet is €5.
·  Playing Free Spins:
    After the player has used their bonus money, they must also play any free spins that come with the bonus.
·  Bust Scenario:
    If the player loses all their funds (busts), instruct them to cancel all remaining bonuses and make a new deposit to continue.
·  No Bonus Received:
    If the player does not receive a bonus after following the steps, they should be directed to contact customer support via chat for further assistance.",Main project IRE,,,,High,Not started,"CARD, Mifinity, SKRILL",400.00,440.00,5,45xB,Gbl solutions,10xD,,,
1208952401473919,2024-12-11,,2024-12-11,Slota 1,Main project IRE,,,,,,"
·  Deposit Funds:
    Ensure the player makes a deposit into their account to start playing with real money.
·  Playing with Real Money:
    After the deposit is confirmed, the player must first play using real money.
    Betting:
        For slots or table games, the recommended bet is between €10-€20 per spin or round, depending on the target amount.
        If the player is playing baccarat, they should go ""all-in"" until they reach their target.
·  Activating the Bonus:
    Once the player finishes playing with real money, they need to go to the ""My Bonuses"" section.
    There, they can activate their bonus.
·  Maximum Bet with Bonus Money:
    When using bonus money, the maximum allowed bet is €5.
·  Playing Free Spins:
    After the player has used their bonus money, they must also play any free spins that come with the bonus.
·  Bust Scenario:
    If the player loses all their funds (busts), instruct them to cancel all remaining bonuses and make a new deposit to continue.
·  No Bonus Received:
    If the player does not receive a bonus after following the steps, they should be directed to contact customer support via chat for further assistance.",Main project IRE,,,,High,Not started,"CARD, Mifinity, SKRILL",400.00,440.00,5,45xB,Gbl solutions,10xD,,,
1208952401473921,2024-12-11,,2024-12-11,Slota 2,Main project IRE,,,,,,"
·  Deposit Funds:
    Ensure the player makes a deposit into their account to start playing with real money.
·  Playing with Real Money:
    After the deposit is confirmed, the player must first play using real money.
    Betting:
        For slots or table games, the recommended bet is between €10-€20 per spin or round, depending on the target amount.
        If the player is playing baccarat, they should go ""all-in"" until they reach their target.
·  Activating the Bonus:
    Once the player finishes playing with real money, they need to go to the ""My Bonuses"" section.
    There, they can activate their bonus.
·  Maximum Bet with Bonus Money:
    When using bonus money, the maximum allowed bet is €5.
·  Playing Free Spins:
    After the player has used their bonus money, they must also play any free spins that come with the bonus.
·  Bust Scenario:
    If the player loses all their funds (busts), instruct them to cancel all remaining bonuses and make a new deposit to continue.
·  No Bonus Received:
    If the player does not receive a bonus after following the steps, they should be directed to contact customer support via chat for further assistance.",Main project IRE,,,,High,Not started,"CARD, Mifinity, SKRILL",400.00,440.00,5,45xB,Gbl solutions,10xD,,,
1208952401473923,2024-12-11,,2024-12-11,Slota 3,Main project IRE,,,,,,"
·  Deposit Funds:
    Ensure the player makes a deposit into their account to start playing with real money.
·  Playing with Real Money:
    After the deposit is confirmed, the player must first play using real money.
    Betting:
        For slots or table games, the recommended bet is between €10-€20 per spin or round, depending on the target amount.
        If the player is playing baccarat, they should go ""all-in"" until they reach their target.
·  Activating the Bonus:
    Once the player finishes playing with real money, they need to go to the ""My Bonuses"" section.
    There, they can activate their bonus.
·  Maximum Bet with Bonus Money:
    When using bonus money, the maximum allowed bet is €5.
·  Playing Free Spins:
    After the player has used their bonus money, they must also play any free spins that come with the bonus.
·  Bust Scenario:
    If the player loses all their funds (busts), instruct them to cancel all remaining bonuses and make a new deposit to continue.
·  No Bonus Received:
    If the player does not receive a bonus after following the steps, they should be directed to contact customer support via chat for further assistance.",Main project IRE,,,,High,Not started,"CARD, Mifinity, SKRILL",400.00,440.00,5,45xB,Gbl solutions,10xD,,,
1208954252759880,2024-12-11,,2024-12-11,Rolling slots 2,Main project IRE,,,,,,"
·  Deposit Funds:
    Ensure the player makes a deposit into their account to start playing with real money.
·  Playing with Real Money:
    After the deposit is confirmed, the player must first play using real money.
    Betting:
        For slots or table games, the recommended bet is between €10-€20 per spin or round, depending on the target amount.
        If the player is playing baccarat, they should go ""all-in"" until they reach their target.
·  Activating the Bonus:
    Once the player finishes playing with real money, they need to go to the ""My Bonuses"" section.
    There, they can activate their bonus.
·  Maximum Bet with Bonus Money:
    When using bonus money, the maximum allowed bet is €5.
·  Playing Free Spins:
    After the player has used their bonus money, they must also play any free spins that come with the bonus.
·  Bust Scenario:
    If the player loses all their funds (busts), instruct them to cancel all remaining bonuses and make a new deposit to continue.
·  No Bonus Received:
    If the player does not receive a bonus after following the steps, they should be directed to contact customer support via chat for further assistance.",Main project IRE,,,,High,Not started,"CARD, Mifinity, SKRILL",300.00,165.00,5,45xB,Gbl solutions,10xD,,,
1208954252759897,2024-12-11,,2024-12-11,Rolling slots 3,Main project IRE,,,,,,"
·  Deposit Funds:
    Ensure the player makes a deposit into their account to start playing with real money.
·  Playing with Real Money:
    After the deposit is confirmed, the player must first play using real money.
    Betting:
        For slots or table games, the recommended bet is between €10-€20 per spin or round, depending on the target amount.
        If the player is playing baccarat, they should go ""all-in"" until they reach their target.
·  Activating the Bonus:
    Once the player finishes playing with real money, they need to go to the ""My Bonuses"" section.
    There, they can activate their bonus.
·  Maximum Bet with Bonus Money:
    When using bonus money, the maximum allowed bet is €5.
·  Playing Free Spins:
    After the player has used their bonus money, they must also play any free spins that come with the bonus.
·  Bust Scenario:
    If the player loses all their funds (busts), instruct them to cancel all remaining bonuses and make a new deposit to continue.
·  No Bonus Received:
    If the player does not receive a bonus after following the steps, they should be directed to contact customer support via chat for further assistance.",Main project IRE,,,,High,Not started,"CARD, Mifinity, SKRILL",300.00,165.00,5,45xB,Gbl solutions,10xD,,,
1208954252807977,2024-12-11,,2024-12-11,Rolling slots 4,Main project IRE,,,,,,"
·  Deposit Funds:
    Ensure the player makes a deposit into their account to start playing with real money.
·  Playing with Real Money:
    After the deposit is confirmed, the player must first play using real money.
    Betting:
        For slots or table games, the recommended bet is between €10-€20 per spin or round, depending on the target amount.
        If the player is playing baccarat, they should go ""all-in"" until they reach their target.
·  Activating the Bonus:
    Once the player finishes playing with real money, they need to go to the ""My Bonuses"" section.
    There, they can activate their bonus.
·  Maximum Bet with Bonus Money:
    When using bonus money, the maximum allowed bet is €5.
·  Playing Free Spins:
    After the player has used their bonus money, they must also play any free spins that come with the bonus.
·  Bust Scenario:
    If the player loses all their funds (busts), instruct them to cancel all remaining bonuses and make a new deposit to continue.
·  No Bonus Received:
    If the player does not receive a bonus after following the steps, they should be directed to contact customer support via chat for further assistance.",Main project IRE,,,,High,Not started,"CARD, Mifinity, SKRILL",300.00,180.00,5,45xB,Gbl solutions,10xD,,,
1208954252807994,2024-12-11,,2024-12-11,Spin Line 1,Main project IRE,,,,,,"
·  Deposit Funds:
    Ensure the player makes a deposit into their account to start playing with real money.
·  Playing with Real Money:
    After the deposit is confirmed, the player must first play using real money.
    Betting:
        For slots or table games, the recommended bet is between €10-€20 per spin or round, depending on the target amount.
        If the player is playing baccarat, they should go ""all-in"" until they reach their target.
·  Activating the Bonus:
    Once the player finishes playing with real money, they need to go to the ""My Bonuses"" section.
    There, they can activate their bonus.
·  Maximum Bet with Bonus Money:
    When using bonus money, the maximum allowed bet is €5.
·  Playing Free Spins:
    After the player has used their bonus money, they must also play any free spins that come with the bonus.
·  Bust Scenario:
    If the player loses all their funds (busts), instruct them to cancel all remaining bonuses and make a new deposit to continue.
·  No Bonus Received:
    If the player does not receive a bonus after following the steps, they should be directed to contact customer support via chat for further assistance.",Main project IRE,,,,High,Not started,"CARD, Mifinity, SKRILL",300.00,300.00,5,45xB,Gbl solutions,,,,
1208954252865930,2024-12-11,,2024-12-11,Spin Line 2,Main project IRE,,,,,,"F
·  Deposit Funds:
    Ensure the player makes a deposit into their account to start playing with real money.
·  Playing with Real Money:
    After the deposit is confirmed, the player must first play using real money.
    Betting:
        For slots or table games, the recommended bet is between €10-€20 per spin or round, depending on the target amount.
        If the player is playing baccarat, they should go ""all-in"" until they reach their target.
·  Activating the Bonus:
    Once the player finishes playing with real money, they need to go to the ""My Bonuses"" section.
    There, they can activate their bonus.
·  Maximum Bet with Bonus Money:
    When using bonus money, the maximum allowed bet is €5.
·  Playing Free Spins:
    After the player has used their bonus money, they must also play any free spins that come with the bonus.
·  Bust Scenario:
    If the player loses all their funds (busts), instruct them to cancel all remaining bonuses and make a new deposit to continue.
·  No Bonus Received:
    If the player does not receive a bonus after following the steps, they should be directed to contact customer support via chat for further assistance.",Main project IRE,,,,High,Not started,"CARD, Mifinity, SKRILL",300.00,240.00,5,45xB,Gbl solutions,,,,
1208954252865946,2024-12-11,,2024-12-11,Spin Line 3,Main project IRE,,,,,,"
·  Deposit Funds:
    Ensure the player makes a deposit into their account to start playing with real money.
·  Playing with Real Money:
    After the deposit is confirmed, the player must first play using real money.
    Betting:
        For slots or table games, the recommended bet is between €10-€20 per spin or round, depending on the target amount.
        If the player is playing baccarat, they should go ""all-in"" until they reach their target.
·  Activating the Bonus:
    Once the player finishes playing with real money, they need to go to the ""My Bonuses"" section.
    There, they can activate their bonus.
·  Maximum Bet with Bonus Money:
    When using bonus money, the maximum allowed bet is €5.
·  Playing Free Spins:
    After the player has used their bonus money, they must also play any free spins that come with the bonus.
·  Bust Scenario:
    If the player loses all their funds (busts), instruct them to cancel all remaining bonuses and make a new deposit to continue.
·  No Bonus Received:
    If the player does not receive a bonus after following the steps, they should be directed to contact customer support via chat for further assistance.",Main project IRE,,,,High,Not started,"CARD, Mifinity, SKRILL",200.00,120.00,5,45xB,Gbl solutions,,,,
1208954252905186,2024-12-11,,2024-12-11,Betify TODO,Main project IRE,,,,,,"Play with real funds, if u lose activate bonus",Main project IRE,,,,,STOP,"CARD, Mifinity, SKRILL",,,5,45xB,Altcore,,,,
1208954252905198,2024-12-11,,2024-12-11,Wintopia Welcome Bonus Pack 2,Main project IRE,,,,,,"Play with real funds, if u lose activate bonus",Main project IRE,,,,High,Testing,"CARD, Mifinity, SKRILL",300.00,300.00,5,50xB,Altcore,10xB,,,
1208954252952775,2024-12-11,,2024-12-11,Wintopia Welcome Bonus Pack 3,Main project IRE,,,,,,"Play with real funds, if u lose activate bonus",Main project IRE,,,,High,Testing,"CARD, Mifinity, SKRILL",300.00,150.00,5,50xB,Altcore,10xB,,,
1208954204463583,2024-12-11,,2024-12-11,Wintopia Welcome Bonus Pack 4,Main project IRE,,,,,,"Play with real funds, if u lose activate bonus",Main project IRE,,,,High,Testing,"CARD, Mifinity, SKRILL",300.00,225.00,5,50xB,Altcore,10xB,,,